-- Insert Admin, User


INSERT INTO `tbladmin` (`id`, `AdminUserName`, `AdminPassword`, `AdminEmailId`, `userType`, `CreationDate`, `UpdationDate`) VALUES
(1, 'admin', 'f925916e2754e5e03f75dd58a5733251', 'phpgurukulofficial@gmail.com', 1, '2021-05-26 18:30:00', '2021-11-11 16:23:15'),
(3, 'subadmin', 'f925916e2754e5e03f75dd58a5733251', 'sudamin@gmail.in', 0, '2021-11-10 18:28:11', NULL),
(4, 'suadmin2', 'f925916e2754e5e03f75dd58a5733251', 'sbadmin@test.com', 0, '2021-11-10 18:28:32', NULL);


INSERT INTO `User`(`name`, `password`, `email`) VALUES
    ('admin'    , '0192023a7bbd73250516f069df18b500', 'admin@gmail.com'),   -- password = 'admin123'
    ('user'     , 'b5b73fae0d87d8b4e2573105f8fbe7bc', 'a@gmail.com'    ),   -- password = 'user1234'
    ('userb'    , 'b5b73fae0d87d8b4e2573105f8fbe7bc', 'b@gmail.com'    )    -- password = 'user1234'
;


INSERT INTO `Car`(`name`, `brand`, `year`, `seats`, `color`, `transmission`, `engine`, `price`, `warranty`, `description`, `car_img1`, `car_img2`, `car_img3`) VALUES
	('Citroen C1'       , 'Citroen'     , 2014, 4, 'Blue'	, 'auto'	, 2.0, 162000, 5    , 'Lorem ipsum', 'img/car/Citroen_C1_2014.jpg'    , 'img/car/Citroen_C1_2014.jpg'    , 'img/car/Citroen_C1_2014.jpg'    ),
	('Citroen C3'       , 'Citroen'     , 2016, 4, 'Red'	, 'auto'	, 2.6, 215000, 7    , 'Lorem ipsum', 'img/car/Citroen_C3.jpg'         , 'img/car/Citroen_C3.jpg'         , 'img/car/Citroen_C3.jpg'         ),
	('Ford Fiesta'      , 'Ford'        , 2018, 4, 'Red'	, 'manual'	, 2.4, 225000, 3    , 'Lorem ipsum', 'img/car/Ford_Fiesta.jpg'        , 'img/car/Ford_Fiesta.jpg'        , 'img/car/Ford_Fiesta.jpg'        ),
	('Nissan Micra W'   , 'Nissan'      , 2014, 4, 'White'	, 'auto'	, 1.4, 252000, 3    , 'Lorem ipsum', 'img/car/Nissan_Micra.jpg'       , 'img/car/Nissan_Micra.jpg'       , 'img/car/Nissan_Micra.jpg'       ),
	('Nissan Micra B'   , 'Nissan'      , 2014, 4, 'Blue'	, 'manual'	, 2.2, 321000, 5    , 'Lorem ipsum', 'img/car/Nissan_Micra_2014.jpg'  , 'img/car/Nissan_Micra_2014.jpg'  , 'img/car/Nissan_Micra_2014.jpg'  ),
	('Peugeot 108'      , 'Peugeot'     , 2014, 4, 'Purple'	, 'auto'	, 2.2, 129000, 2    , 'Lorem ipsum', 'img/car/Peugeot_108.jpg'        , 'img/car/Peugeot_108.jpg'        , 'img/car/Peugeot_108.jpg'        ),
	('Renault Twingo'   , 'Renault'     , 2008, 4, 'Blue'	, 'manual'	, 2.0, 125000, 4    , 'Lorem ipsum', 'img/car/Renault_Twingo.jpg'     , 'img/car/Renault_Twingo.jpg'     , 'img/car/Renault_Twingo.jpg'     ),
	('SEAT Ibiza'       , 'SEAT'        , 2016, 4, 'Red'	, 'auto'	, 2.0, 320000, 5    , 'Lorem ipsum', 'img/car/SEAT_Ibiza.jpg'         , 'img/car/SEAT_Ibiza.jpg'         , 'img/car/SEAT_Ibiza.jpg'         ),
	('Skoda Citigo'     , 'Skoda'       , 2010, 4, 'Red'	, 'auto'	, 1.8, 224000, 6    , 'Lorem ipsum', 'img/car/Skoda_Citigo.jpg'       , 'img/car/Skoda_Citigo.jpg'       , 'img/car/Skoda_Citigo.jpg'       ),
	('Smart Forfour'    , 'Smart'       , 2017, 4, 'Grey'	, 'manual'	, 1.6, 126000, 1    , 'Lorem ipsum', 'img/car/Smart_Forfour_2017.jpg' , 'img/car/Smart_Forfour_2017.jpg' , 'img/car/Smart_Forfour_2017.jpg' ),
	('Suzuki Celerio'   , 'Suzuki'      , 2016, 4, 'White'	, 'auto'	, 2.6, 194000, 4    , 'Lorem ipsum', 'img/car/Suzuki_Celerio.jpg'     , 'img/car/Suzuki_Celerio.jpg'     , 'img/car/Suzuki_Celerio.jpg'     ),
	('Toyota Aygo'      , 'Toyota'      , 2012, 4, 'Red'	, 'manual'	, 1.6, 155000, 2    , 'Lorem ipsum', 'img/car/Toyota_Aygo.jpg'        , 'img/car/Toyota_Aygo.jpg'        , 'img/car/Toyota_Aygo.jpg'        ),
	('Vauxhall Corsa'   , 'Vauxhall'    , 2016, 4, 'Purple'	, 'auto'	, 2.0, 200000, 2    , 'Lorem ipsum', 'img/car/Vauxhall_Corsa_2016.jpg', 'img/car/Vauxhall_Corsa_2016.jpg', 'img/car/Vauxhall_Corsa_2016.jpg'),
	('Volkswagen Up'    , 'Volkswagen'  , 2016, 4, 'Black'	, 'manual'	, 2.2, 152000, NULL , 'Lorem ipsum', 'img/car/Volkswagen_Up.jpg'      , 'img/car/Volkswagen_Up.jpg'      , 'img/car/Volkswagen_Up.jpg'      ),
	('Volvo XC90'       , 'Volvo'       , 2020, 7, 'Black'	, 'auto'	, 2.8, 341000, 4    , 'Lorem ipsum', 'img/car/Volvo_XC90.jpg'         , 'img/car/Volvo_XC90.jpg'         , 'img/car/Volvo_XC90.jpg'         )
;


INSERT INTO `Order`(`user_id`,`car_id`,`quantity`) VALUES
    (2  , 1  , 1),
    (2  , 2  , 1),
    (3  , 10 , 5)
;

-- About us

INSERT INTO `about`(`id`,`address`,`email`,`phone`, `description`, `value`) VALUES 
(1,'316 Nguyễn Tất Thành', 'luxuryCar@gmail.com','11212547','content1', 'content2');


-- News

INSERT INTO `tblcategory` (`id`, `CategoryName`, `Description`, `PostingDate`, `UpdationDate`, `Is_Active`) VALUES
(3, 'Tesla', 'Related to Tesla news', '2021-06-05 18:30:00', '2021-11-26 03:01:38', 1),
(5, 'Toyota', 'Toyota News', '2021-06-13 18:30:00', '2021-11-26 03:28:30', 1),
(6, 'Lamborghini', 'Related Lamborghini News', '2021-06-21 18:30:00', '2021-11-26 03:40:37', 1),
(7, 'Mercedes', 'Related Mercedes News', '2021-06-21 18:30:00', '2021-11-26 03:58:59', 1),
(8, 'COVID-19', 'COVID-19', '2021-11-07 18:17:28', NULL, 1);


INSERT INTO `tblsubcategory` (`SubCategoryId`, `CategoryId`, `Subcategory`, `SubCatDescription`, `PostingDate`, `UpdationDate`, `Is_Active`) VALUES
(3, 5, 'Product', 'Product', '2021-06-21 18:30:00', '2021-11-26 03:28:52', 1),
(4, 3, 'Product', '\r\nProduct\r\n\r\n', '2021-06-29 18:30:00', '2021-11-26 03:04:59', 1),
(5, 3, 'Discount', 'Discount', '2021-06-29 18:30:00', '2021-11-26 03:04:29', 1),
(6, 5, 'Discount', 'Discount', '2021-06-30 18:30:00', '2021-11-26 03:29:24', 1),
(7, 6, 'Product', 'Product', '2021-06-30 18:30:00', '2021-11-26 03:40:58', 1),
(8, 6, 'Discount', 'Discount', '2021-06-30 18:30:00', '2021-11-26 03:41:17', 1),
(9, 7, 'Product', 'Product', '2021-06-30 18:30:00', '2021-11-26 03:59:37', 1),
(10, 8, 'Vietnam', 'Vietnam', '2021-11-07 18:18:25', '2021-11-26 06:43:46', 1),
(11, 7, 'Discount', 'Discount', '2021-11-26 03:59:49', NULL, 1),
(12, 8, 'International', 'International', '2021-11-26 06:44:26', NULL, 1);

INSERT INTO `tblcomments` (`id`, `postId`, `name`, `email`, `comment`, `postingDate`, `status`) VALUES
(1, 17, 'Ronaldo', 'example@gmail.com', 'Good news', '2021-11-26 06:45:19', 1),
(2, 16, 'Messi', 'messi@gmail.com', 'Hot news!', '2021-11-26 07:03:13', 1);

INSERT INTO `tblposts` (`id`, `PostTitle`, `CategoryId`, `SubCategoryId`, `PostDetails`, `PostingDate`, `UpdationDate`, `Is_Active`, `PostUrl`, `PostImage`, `viewCounter`, `postedBy`, `lastUpdatedBy`) VALUES
(11, 'THE LAMBORGHINI AVENTADOR IS SOLD OUT', 6, 7, '<p style=\"margin-bottom: 1em; padding: 0px; font-family: &quot;Open Sans&quot;, sans-serif; font-size: 15px;\">After about a decade of Lamborghini Aventador production, the current V12 flagship from Sant’Agata is facing the final curtain in 2022, at which time the long-awaited successor will replace the Linea Aventador at the factory, and usually, a modification of the assembly line is started when the factory goes into the Summer holiday in August, so chances are the last Aventador will be completed by August 2022, and it will most likely be one of the limited-edition Aventador Ultimae versions.</p><p style=\"margin-bottom: 1em; padding: 0px; font-family: &quot;Open Sans&quot;, sans-serif; font-size: 15px;\">If you want to take a look at the different models in the Aventador range you might want to check out our ‘<a href=\"https://www.lambocars.com/lamborghini-models-hub/lamborghini-aventador/\" target=\"_blank\" rel=\"noopener\" style=\"color: rgb(30, 115, 190); position: relative; transition: all 0.3s ease 0s; text-underline-position: under;\">ultimate guide</a>‘, but we’ll take a look at the highlights now, with the original Aventador LP700-4 being introduced at the 2011 Geneva Motor Show.</p>', '2021-06-30 18:30:00', '2021-11-26 06:53:34', 1, 'THE-LAMBORGHINI-AVENTADOR-IS-SOLD-OUT', '362b622f5db8602b065fe3979124f5f6.jpg', 39, 'admin', 'admin'),
(13, 'Tesla is absolutely crushing the competition in California thanks to the Model Y', 3, 4, '<p style=\"margin-bottom: 20px; padding: 0px; border: 0px; font-size: 16px; vertical-align: baseline; color: rgb(34, 34, 34); line-height: 24.8px; font-family: Lato, sans-serif;\">Tesla may not be recognized by the Biden administration as a leader in the electric vehicle market, but this does not mean that the company is not absolutely dominating the sector. This was certainly the case in California, Tesla’s original home state, as the EV maker has completely expanded its reach even into the general auto market, as highlighted by CNBC’s Phil LeBeau in a recent&nbsp;<em style=\"margin: 0px; padding: 0px; border: 0px; vertical-align: baseline;\"><a href=\"https://twitter.com/SquawkCNBC/status/1463121343587786754?s=20\" target=\"_blank\" rel=\"noreferrer noopener\" style=\"margin: 0px; padding: 0px; border: 0px; vertical-align: baseline; font-weight: 700; transition: color 0.3s ease 0s; color: rgb(11, 134, 181);\">Squawk Box</a></em>&nbsp;segment.&nbsp;</p><p style=\"margin-bottom: 20px; padding: 0px; border: 0px; font-size: 16px; vertical-align: baseline; color: rgb(34, 34, 34); line-height: 24.8px; font-family: Lato, sans-serif;\">Citing data from the California New Car Dealers Association, LeBeau stated that Tesla is completely dominating the electric vehicle sector, and a lot of it has to do with the strength of the Model Y. The Model Y competes in the extremely popular crossover segment, and it shows, with the all-electric vehicle ranking as the state’s fifth best-selling model, outselling even popular gas-powered rivals. This is very impressive considering that the Model Y is a premium-priced crossover, and it has&nbsp;<a href=\"https://www.teslarati.com/tesla-model-y-sold-out-for-2021/\" style=\"margin: 0px; padding: 0px; border: 0px; vertical-align: baseline; font-weight: 700; transition: color 0.3s ease 0s; color: rgb(11, 134, 181);\">received a number of price increases</a>&nbsp;over the year.</p>', '2021-11-10 18:50:09', '2021-11-26 07:04:12', 1, 'Tesla-is-absolutely-crushing-the-competition-in-California-thanks-to-the-Model-Y', 'c3a9e810b3f3dadd70dd37d04add4de1.jpg', 14, 'admin', 'admin'),
(14, 'Elon Musk confirms Tesla didn’t give Hertz discount on 100k EV order, questions TSLA surge over it', 3, 5, '<p class=\"MsoNormal\">Yesterday, a source told <b>Bloomberg</b> that the deal was valued\r\nat $4.2 billion, which could mean that Hertz is not getting a deep discount on\r\nthe cars like it usually does. </p><p class=\"MsoNormal\">Rental car companies have been known to get deep\r\ndiscounts when placing large fleet orders. For some of them, it’s part of their\r\nbusiness model to get discounts on large fleet orders and sell the vehicles for\r\nclose to the same price they bought it after it’s been used as a rental for a\r\nwhile. Now Tesla CEO Elon Musk has confirmed on Twitter that Tesla didn’t give\r\nHertz a discount on the order.<o:p></o:p></p>', '2021-11-26 03:24:40', '2021-11-26 06:43:08', 1, 'Elon-Musk-confirms-Tesla-didn’t-give-Hertz-discount-on-100k-EV-order,-questions-TSLA-surge-over-it', 'fd2fbf5ad085c82c6ad48c49214569db.jpg', 3, 'admin', 'admin'),
(15, 'Toyota will return to full production in December after chip-induced slowdowns', 5, 3, '<p class=\"MsoNormal\">Its head office in Japan issued a news release saying that\r\nit expects to return to an 800,000-unit level in December, “including the\r\nrecovery from the impact of the previous production cutbacks.” In December\r\n2020, Toyota’s global production volumes were approximately 760,000 units.</p><p class=\"MsoNormal\">The company said it is maintaining its production forecast\r\nof 9 million units for its fiscal year, and “as a result of the cooperation of\r\nour suppliers,” will operate all 14 plants and 28 production lines in Japan\r\nnormally, for the first time since May 2021.<o:p></o:p></p><p class=\"MsoNormal\">\r\n\r\n</p><p class=\"MsoNormal\">Toyota didn’t actually say&nbsp;<i>how&nbsp;</i>it’s managed\r\nto overcome the issues other automakers are facing. It does admit there’s still\r\na shortage of some parts, and it will “continue our efforts to strengthen our\r\nsupply chain with our suppliers” and will do all it can to deliver as many cars\r\nto its customers as quickly as it can.<o:p></o:p></p>', '2021-11-26 03:32:32', '2021-11-26 04:07:13', 1, 'Toyota-will-return-to-full-production-in-December-after-chip-induced-slowdowns', '9084c7ec77bb2d57248f39641715dab4.png', 3, 'admin', NULL),
(16, 'Toyota Military Rebate', 5, 6, '<p class=\"MsoNormal\">$500 rebate offered by Toyota Motor North America, Inc. and\r\nmay be applied toward finance or lease contracts on new Toyota vehicles, dated\r\nfrom October 5, 2021 through January 3, 2022. To qualify for the rebate, at the\r\ntime of purchase or lease you must (1) be in current active duty status in the\r\nU.S. military (Navy, Army, Air Force, Marines, National Guard, Coast Guard and\r\nactive Reserve) OR a U.S. military inactive reserve (i.e., Ready Reserve) that\r\nis part of the individual Ready Reserve, Selected Reserve and Inactive National\r\nGuard; OR a retiree of the U.S. military, OR a military veteran within two\r\nyears of their discharge date; OR a household member of an eligible U.S.\r\nmilitary personnel, including Gold Star family members; AND (2) provide\r\nverifiable proof of military status or active service; (3) receive a salary\r\nsufficient to cover ordinary living expenses and payment for your new vehicle;\r\nand (4) receive credit approval from and execute a finance or lease contract\r\nthrough a participating Toyota dealer and Toyota Financial Services. Not all\r\napplicants will qualify. On lease contracts, rebate must be applied toward the\r\nAmount Due at Lease Signing or toward the Capitalized Cost Reduction. On\r\nfinance contracts, rebate must be applied toward the Down Payment. Limit one\r\nrebate per finance or lease transaction per eligible U.S. military personnel or\r\neligible household member. Offer not combinable with the College Graduate\r\nRebate Program, the iFi Program, and the Lease-End Refi Program. Vehicle must\r\nbe taken out of dealer stock. Terms, conditions and restrictions apply. Program\r\nis not available in AL, FL, GA, HI, NC, and SC. Rebate terms may be more\r\ngenerous in your local area. Ask your participating dealer about the military\r\nrebate terms in your area. Must pay sales tax. Void where prohibited by law.\r\nNot redeemable for cash.<o:p></o:p></p>', '2021-11-26 03:37:02', '2021-11-26 07:03:46', 1, 'Toyota-Military-Rebate', 'eaf021a085797d76612fe0890f794a8f.jpg', 3, 'admin', NULL),
(17, '“Revenge Spending” Clears Out Lamborghini for Most of 2021', 6, 8, '<p class=\"MsoNormal\"><a href=\"https://www.bloomberg.com/quote/LAM:IM\" title=\"Company Overview\">Lamborghini&nbsp;</a>said it’s almost sold out for the\r\nyear as an easing pandemic unleashes a free-spending attitude among consumers\r\nconfined to their homes for months.<o:p></o:p></p><p class=\"MsoNormal\">The Italian supercar brand is set for “strong growth” in\r\n2021 and has sold about 10 months of its production capacity, Chief Executive\r\nOfficer Stephan Winkelmann said in an interview at the Milano Monza Motor Show.\r\nThe&nbsp;<a href=\"https://www.bloomberg.com/quote/VOW:GR\" title=\"Company Overview\">Volkswagen AG</a>&nbsp;unit showed off the&nbsp;<a href=\"https://www.lamborghini.com/en-en/models/huracan/huracan-sto\" target=\"_blank\" title=\"Link to Website\">Huracan STO</a>&nbsp;at an open-air\r\nwalk close to the global fashion hub’s Duomo cathedral.<o:p></o:p></p><p class=\"MsoNormal\">“Despite a two-month shutdown due to the pandemic,\r\nLamborghini ended 2020 as its second-best year ever,” Winkelmann said, as\r\ncrowds swarmed the over 60 brands on display including&nbsp;<a href=\"https://www.bloomberg.com/quote/RACE:US\" title=\"Company Overview\">Ferrari</a>,\r\nPorsche and McLaren, in a sign of normal life resuming in major cities like\r\nMilan. Lamborghini deliveries surged almost 25% to a record during the first\r\nquarter.<o:p></o:p></p><p>\r\n\r\n\r\n\r\n\r\n\r\n</p><p class=\"MsoNormal\">While buyers continue to snap up performance cars like the\r\ntrack-suited Aventador, Lamborghini is embarking on the transition to\r\nelectrifying its lineup. It’s spending a&nbsp;<a href=\"https://www.bloomberg.com/news/articles/2021-05-18/lamborghini-will-drop-1-8-billion-on-electrifying-its-supercars\" target=\"_blank\" title=\"Lamborghini Will Drop $1.8 Billion on Electrifying Its Supercars\">record</a>&nbsp;1.5\r\nbillion euros ($1.8 billion) to offer plug-in hybrid versions of each model by\r\n2024, and plans to launch a first vehicle powered purely by battery during the\r\nsecond half of the decade. Supercar makers like Ferrari and Lamborghini have\r\nbeen slow to embrace EVs with brand histories steeped in powerful engines.<o:p></o:p></p>', '2021-11-26 03:54:27', '2021-11-26 06:45:34', 1, '“Revenge-Spending”-Clears-Out-Lamborghini-for-Most-of-2021', '901761acff9296e531b9a2ab1e0ad6c8.jpg', 4, 'admin', NULL);

INSERT INTO `tblposts` (`id`, `PostTitle`, `CategoryId`, `SubCategoryId`, `PostDetails`, `PostingDate`, `UpdationDate`, `Is_Active`, `PostUrl`, `PostImage`, `viewCounter`, `postedBy`, `lastUpdatedBy`) VALUES
(19, 'New Mercedes-Benz S-Class launched in Vietnam, priced from 5,199 billion VND', 7, 9, '<p class=\"MsoNormal\"><span lang=\"EN\">The car is sold\r\nwith 2 versions, S 450 and S 450 Luxury, priced at VND 5,199 billion and VND\r\n5,749 billion, respectively.</span></p><p class=\"MsoNormal\"><img src=\"data:image/jpeg;base64,/9j/4AAQSkZJRgABAQAAAQABAAD/2wBDAAYEBAUEBAYFBQUGBgYHCQ4JCQgICRINDQoOFRIWFhUSFBQXGiEcFxgfGRQUHScdHyIjJSUlFhwpLCgkKyEkJST/2wBDAQYGBgkICREJCREkGBQYJCQkJCQkJCQkJCQkJCQkJCQkJCQkJCQkJCQkJCQkJCQkJCQkJCQkJCQkJCQkJCQkJCT/wgARCALwBdwDASIAAhEBAxEB/8QAHAABAAMBAQEBAQAAAAAAAAAAAAECAwQFBgcI/8QAGAEBAQEBAQAAAAAAAAAAAAAAAAECAwT/2gAMAwEAAhADEAAAAfypMWhIAmJJ0joSvRr2azy69/Qz5PnfW8UvyUb4ToFAImIlE0QgTUAJgEkTAJSwTSJCJhJIJRMAAoICgAAABaEgAIRIFAImYhJYi0WQkQmISEAACggAAAAKACAAoAIAAAAAAAAAAAAAAAAAAAAAAAAAAAAAAAAATC0JAF66mvbj6txb09O2zPbbU53XY+D8D9G+CXjTE2CxJESUiYkJVBJExKxIRIgAKgkJAUEAoAAAAIADQIACCbYWRC+q4TsKNrRzR0zHNaLW1r189lIm5lG8JhHVglEwAAAAAABQAAQFABAAAUAEAAAAAAAAAAAAAAAAAAAAAAAAAAAABQARPRz9aeh73ne9rGvTXqG1tUpOquT4f9A8KvzfP0eDHSoaAiQIlCAkBCyJApEgAFAACAAAAAAABJAotK1mbkW1wkiILZUt5rMVqWTfNJ0W59F7HNrHPurXZz70jCYrZlj251yzaqQSQAAAKAAATCAoAICgAAAAAgAAAAKACAAoIAAACgAgKCAAAAAAAAAoAIns4uo+r9jzPY1z368+iy140oRpn53ocGp8j8v9/wDF51wJjl1CESQLUCTCREwJiYCgUECULAlAAAAABESIkCZVadFpF84t2cd0c8wJibUwLRFYTE2QkJRE2pK9Fua0b2xF4pmaWoNsra1wtsrmoAAAoAAAAAAIAACggAAAAAAAAAAKACAAAAoAIAAAAAAAAAACgAhpnJ9p73yH1Vx6u/N0dcaWq1JrGVscOvL0nL8x9D4d189n08/k6wMUAKAQlAUAiUBQAAAAgAAECgBMRaxZvWsuudFkoSzatQibJRKyJqsTLMCwlLMRYggsgWRUtALVRptz6F8NskyiY1AAoICgAAAAAgAAKCAAAAAoICgAgKCAAAAoICggAAAAAAAAAAAKAAlEnZ9l8F76fddXjd3q490c9dt+fPHcnmnk1cPJ7POzvzuXp5vL0qONAIkAAAAAAAEkAAAAABABotLIWVUSEiS0ickdfqTXkdHfhNcvL6nozfker7vZjXzsfTWr4nh/QMLPzyn3Pn6x8m9XkuOVetkBETBJJBBOlLFqoiK6xZlF66QEJgAmEkEkAAAAAACAtCQKCBNQIACggKCAoJQQAAAAAAAmFBAAAAAAAAoABMCdckfX+x8X9D7ePtOG3onVlz4268UcedOHTj56yw0y8u4HIIJiQAIASUSESoAEkExMAAIAAALraqqkTISCRBKx09fvY68Hd2dOOvH1dO03jvN82ujTNi82spGhcqdEWcPD79dZ+F8r9Hw3z/MafeeLeXzkdvJc1TWphKTVCTNZXW+fZHJjrezmg1AAEwJgAAAAAAAgAAAAAAAKCAoAAIAAAAJgAAAAAAAAAAAACgAAAi/rePr1n0uni6+/HqZcNbennyxxbc7PhqKo4URhJAmBKCAAAJQSFAABAAABBKBa0SsQvbUtlW86ldbdcvL6tvRnSvRe3P0X1aytYvF71mW989M22kWsLTVGkJa9NLmixM+L0Ks/PfF/q3n6z+S1+q+X3xpExYJsrMwtt+exp04SnNn0c9gUAAAEBQAQAAFBAAAAAAAAAAAAAAAAAAAAAAAAAAAAAAUAAAAmBvpy37Ohg6Na0rhaqOdRMYQlJAoAAABMABMCUSACCSCQAQBKS0SupiYVMTlbTPSXo9Hl9ib37q7Z7RpOmdU00rE6UvKXmVvnddpyvZexZMbyznN5Zza0lzm9JVpqzh8F+h8m+f49X2fG6cYhFAWRJpFYSctKWQAKACAoICggAAAAAKACAAoICggAAAAAAAAAAAAAAAAAAAAKACAoABMCUKkglEygCCUCYEAABQQACSASQkQSRMBMSImBet1iyLZSWsryup6+dR7OHTnrvfLTPTTbLojTLaCsxaW941K3XitrXtsre51LuczE3MUXm8La1hVMYU6OePJ/L/2T4nrw+KWbxVMEzEk1mEiYmqBAoAAAAAIAAAAACgAAgCYFBAoAIAAAAAACgAgAAAAAAAABMKACAoAAAABMAAAAAACYmBMAmBMCYmBMSsJIBExIiYEg0ptbFJlVZNW7Xt53XsjTPXS1Jm9tsJl7dfNmT0aeRz19Jt8r2p9HfzvQjSzcovmJi1ttc5mNZzsytVbaYSM7RLXPSmby83bin5Lx/W/J9vNCVRKCYmCslkRMIAFAAEwABAUEBQQAAFBAAAAAAAAAAAAAAUEAAAAAAAAAABQAAAAAAAAAAAAAAAEwkgAEwkiYkEExMEgAA0tEXSwtd8/Tmu3tx6c+i8xaaTnga88QiOq+Z5nJ9BjZ4Ond5EnrfR/Cd5+m9fyHu16UZdDUV6edK53ydNL5azK+UmtspsvmrmKGbnlvnHz/AOb/AK5+W9PPyDfOJiSBURIiJhAAqYSQIAAACpgAAgAAAAAAAAAASsBAAAAAAAAAAAAAAAAAAoAAIACpiRAAAAAAExKwEAASCJgkLEiIkAAEAmCZrcvFo1q0xaav6nB7U67dOe+e9ufopJllvRMdMdk36cIm/X28Xsk6vM9XsuPgeX7754w975v2Zr6Ds8XvuvSjm3uNM73KReStejNaLViszaZpTTOIx2583n+A+++a3z+Ha01xrXW1mJYLWTnr3xZwtc6gQFBKCAAABQAQAAJITCggAAAAAkgAKCAAAEwoAICggAAAAAAAUAAAAAJITAAAmJWEwAiYEkAACYEwCYACYEokRIgEkE2roXqlu012uu71OPvnfXels710r35vlYelyRw5d3FXDG/oJ5e313tb8v5p6HsfAtffb/D+1jvz6045fpvU+e9u79Dfmtc9luYztrw3O+eLKz0qeZde5hEmtK6DLbHM5PP9Tis/O+L6HyL5uTqx6a5Ket5ZOmVjovllXRz4WszptkQECAoAJQQATUCUAEAAAAAAAAAAAAAAAmBQQAAAAAAAAAAKAAACAomAACYAAAAABMSsJhJQJiYJgEwBJBIQAEpVrvk1W0yR2Yeg13bUTvvfHtz0t3TvnXLj6tK8/P2eY5N/K9Bvt7+fu3w+U+V/Svjteb5rqy9bl6I4tqTXqfR/O/UXfbbVc8lZ4zojhxN/H04Yxrlx3PudvzGzP6J6PwP2S9ec0XHh7eFn5XyvW87Xm4b6XTr8X1uGuW2NpNbZVrTn0zKkAIEBQAQAAAAAAAAAAAAAAAAAAAAAAAAAAAAAAAAAFAAAAAAAAAAAAAAAAAAAJgATAAAT3cHpTr3cPP1zrjTXK8Oj0+P0XXalsp16PR4O/Pbo15tJvr0y6WsY7b3PncnszceB0+rlEbc9NPM6uvKZ+W5fZ483r+h8b2r29TTCLz5PH7/MY06XQldeOUt5v0WZ8l5/2+dnx/0PNhH2NefVXlel5DHgeZ1cOvOvz53MzhEsUtRm1shasECgAgAKCAAAAAAAAAAAAAAAAAAAAAoIAAAAAAAAAAACgAAAAAAAAAAAABJAAEwAAEwAAAAJ9Dg9PPpyv0cjdDW+fu7cemdIV3nXXp5eidt9cOydt+jLe72ltcRq2c8Z3jXHnw7+Y8/j6vMx14sOnmb9T2PE9t03rWLPA5PofNnHzrUrLv2Z7782PX8tu39nX5b6Sa2+f9/gYn0fC9taeJ6/hMfOct+a+e2UVZREilosiCwIACggAAAAAKCAAAAAAAAAAAAAAAAAoIAAAAAAAAAAACgCYAAAAAAAAAACYABJAAACYJiRAAAANfW8/wBvPsjy+/y50dnJ7N8vVOlVppMzvrthtOm/bx7PR39XB3rvtGuuOd8tCazmked1+RNZ8k4TWNcumvR9nzPVdL4a845+7xZwv0eXven0Xb5HV08vy/xH6Z+fXzdfZ5XrcPb9Zjy7axx+t53qpHzP03yLHzmGuF86IXJABIgsCCYoAICgAgAAAKCAAAAAAAAAAAAAAAAAAoIAAAAAAAAACgBJAAAJgAAAAJgAAAAEwEwJIJQJQAEwCYExJ6Pr+T7U93F5np886T6vL2vLeaSiudc9e3fz+m77Onz+p6PQ7/M7Wu/TlteeueNZdc45Wnjyljn7eGynf5frL7Hbj6FnDzd3A36OenS8/wA75v1mEvy/sVya9fkz6umfk/U7J5zzejezOfVloxn8f9f8Cx5+F6XzwNZARMQgoJEwoIACgAAgAKAAACAAEwAAAAAAAoIAAAAmAAAAAAAAAAACgAAgAKAAAAAACAoAAAAAAAAAAD2+7Hqz7/M1sm9urDZ5U2hvDPXJa35NF9Dt8v0HX0+nxru3sT4/THZtwRNen4fRzXXh48+E5Wv59b5Pa9Xwe++n7D0/k/UX0s/D9xvv35e1imlLXOWmi44q9uE1yU9OZnytOzNOPLbnMfzv7n4K8OesxeAIIECBQQAAAAFBAAAAAAAAAAAAAAAAAAAAUEAAAAAAAAAAAABQAAAAAAAAAAQFBAUAAAJIBKAAAEBXvd1O3Psz5ennmtdqbuOa0zrTDrzuvOp6OTOfZf2J083b14b57zx3XXRdrONqTXB4P03BcfJYex5jzxtlu10en5PnH0f2f5V9nOv0nXyUdPYrltrjvau2sY12zmsr0yy1575McfJbnPK+S9rxNeTmJc5paliJgCBJAomAIAACggAAAAAAAAFBAAAAAAAAAAAAAAAAAAAAAAAEwoAAICgAAAAAAJgAAAAAAAAAEwABMfc3x2z7eTmsOrfDVyjPWk7Wvl0umcb1vO/t+X606YZZUspzclW/Wv4lG/o9Pmulr3c+P0E8r5z9Co5/mGv2V08DH7+1z+Xen9X5ue/r9mfVbj1cl2ezu4O3XLoy0rc8fH2cOO9suTOY5Itw3h875nbxa8uSYZiIIAAAAAAAAAAAAFBAAAAAAAAAAAAAAAAAAAAAAAAAAAAAAUAAEBQAAQFAAAAAAATAATAAAAAABHper8xtO3r+l43vNWvSJbzTSddNsdLq1qXSfY8j0G+R6PAnzHj/AE2CfN6e5m1x9U6vTR6vZPR5fveb5x9xr8f6V4/S5cvdfNy5duTWUXpNc08mUe91eV1ax6M8drK8XVx53w4+j5c5z896Xg68vLwdHLeEQqzMASWAgAAUEBQAAQAAFBAAm2G/ozfkW+t9Cd/gq/pHjM/Htcr5wQAAAAAAAAAAAAAAAAAAAAAAKAAACAoAAICgAAAAAAAAAAAAAAhaLHt+nwdrqoY666cu1306cWs12Vxqvo7cW9vsZ8m835/nd/GmOkWs503u9fQy63o1Ul05/B+pL8j9Hv4cz9rp8B9g83dlplePl+F9H8lnr73r/Mes16luTWt+aMmd/F9Hwnn8zz9eTXlw5/U8qSImLgAAAAAAAAAAAAAA09NryNPrvXnb4f2/oYnr5lead+uebO49v1Pne88/89/XPyy+LlF8oUEAAAAAAAAAAAAAAAAAAAABQQAAAAFABAUEABQAAAAAQFTEwAABAE3ppb73RhpnrpOd51WVXaK3moiBt08PVNdHbza3pTl7YPJ7orY4PayZ4fT47t+nHPpbpO1W8sOvB2+Zel8lOX6b2fE/Vuc/Ifb/ACUxwev8/wBk39Ft4fRXpOO9xPzvb4rzY8so+g+T9byNQL5wAAAAAAAAAAACfSa4vc+g9Oevk9XOk6b4Y4tZ8V+Bu/Nr5h63HiZ6ezwYj7L4Lu8i+aBryAAAAAAAAAAAAAAAAAAAAAATBQmIAAAAFAABAUEABQAAAQFATAAABAE3ppXq7cPRO/bbk3z03059F6JaTUZ9dZefojRdd8+syp05W89p65aX1Vya67Lwz3TXNPZNcPle5vM/K+P+gcB+f/c/PfQ5nscXfTXP4rD6zw89fJ9Lm7E69VU+Z6Oj7Oz81t9n8e14lDfgBAAAAAoAIAAAEka9/wBS7eL7+2efXtfmq7ehSlHOmUcrnPl181PU4+Oiauarn0Z5RecxMXmCAAAAAAAAAAAAAAAAAAAAAABQAQAAFAABAUAEAABQAAAAkQAQAFBE3pdfVy9Dgd69HLMvo6+f0TXob8HU13sLy3jnS+jvw9q9ee2ked1ay3Tn7eWndx9F111vNkooxaLcuc7xbdePL1M854ersacnB3eenk692ON5cvbjrXR63ZauL8X/AET8434wvEAAAAAKCAoIHW1yX+k9qdvkvf8AcTvWYzb4cdeBfQry2b78fG5Zy9XysOdytSlNcb0heYMgAAAAAABQQAAAAAAAAAAAAAAAAFAAABAAAUAAAEAABQAAACYEwAQFBAE3prb9Dy9eD0+dGvPM66c9j0enyeib9S/BeOi3Jdnv7vH6HT3ujy/Qzu2evnr1X8LrdPWzjS3Tp83pa7c6VnPs4uzGcelS6ZWxwa668mSbazEYYX587t7vD7Gpr5O35Pvj52JvzAgAAAAAABPQvN0+59LO/g/SdVM+qtJq3nW2RWleS528qfPYrlWJK1nnvKaQ15wZAAAAAAAAAAAAAAAAAAAAAAAAAAACgAgAAKAAAAACAAoICgAAgKAEkCABI7eP0rr0+fbmvqzx2qzyzplM2vlJ0dHDeOq2FbO7o8nfN9r2flfazv1MJwhUvXt7+DVu+fJeXn9fk9fONunz+piObo5MscLZLPfjpZtxxy53EY+peceb9J8Xtj8XenTyBcgAAAAADpXn7vpffnb5j3O7mz6r6YzOvXnFlzWxSOW/nM082edM4vLOPNnlrzINcAQAAAAAAAAAAAAAAAAAAAAAAAAAAAAKCAAAAAAAAAoIAAAATCgAAgAKACBJf2fJ+i6dacfXzPRlCMxjtRnJNWJlCzFYSb4xmdXd5G0e1PldM17ePDpN+v6nz3uTpfuz6M5r18lLOzOnLl344dEudO3jzqmM89s8pZf6f4v269H8b975/r5A1zAAAAAAHpLb6/Tonp2vnbPXDmvR03mtM9ei+F0tle8x42H02ifIR9lz3n8/9V5fJXo8V++5+S+X/Y/mnP8APmme/MAAAAAAAAAAAAAAAAAAAAAAAAAAAAFABAAUAAEBQQFBAAAAUAAAEABQQFLRY7va5d+nrz59sZrHPXPOEVVGelGV8pkvnrUyrekzCJmZmqN+jz7L7PufH+znXq+z8jrNfZZ+F1R258mk139nn6Z1280YzeGN8anPP5zXPiyxdfMFyAAAAAAJN/s/L96+na2emOl5pTOuTu5PTu8c7Uzd+3i6pevTnlOrXDssXvjedOfTO58fn9ngrq15OjPT43479O/MteWBriAAAAAAAAAAAAAAAAAAAAAAAAAAAFAAAAAEwAAAAAAAAAAEwATBCVqiLVoIAelwfS3tam1Nejkz6cZnnzvlMRS0JERCQUk1vjpaprUwjSmcRMJmZrItSTW2O813+h5nXnfszxRL67yIzv06+TnL6ePL5+s9Hz816+cLlMSsBAAAAAHo8P016+l083TO+ukb5ufH38c109eqXysOvjmrdHmXPVv5vW6+t6PkegvbzF4xom8Y5+zC448ujhzeL80+z+KvMN8QAAAAAoAIACggAAAAAAAAAAAAAAACYKCAAAoAAICggKCAAAoAAAIE1YUiUVAl6c3Xv5U9PqUy01a0tFzhy9uExzVtVK0vVK1msk3zk2nO1ql6xSLRnFUrIAtWTpvyzL6GXJEu+vFe3rjPSMuOrfMEATAAAAAATHUu30WXdr1W66bY1rthpmVzbTfpZ2zznk4+7kuuKm1Lu2tZnTs7eD0F23jrvHLLbxHL1OPi6M3g8X6P5w8Py+3i6+QLkAAAAKACAAAAAAAAAoIAAAAAAAAAACkwAAAgKAAAAmCULAAAAAABIsUiQmCJjomu3Tt58ermnSUy0rkd0cfVtXPWkmPP24JzVvRmlb1maygvNJq8VEoZkghIhaVqsKte1eH0e/eXH5v3fmrkN8wAgAAAAAWXT7Dk+iejh11nPZomSazUp38PfG2d85Ofk3528abUu7dPP1p2+l5/ZJ6G/L03FOfo5bNtMLTLy/Sov4xx/T/Mb8wXAAAAAAUEAAAAAAAAAAAAAAAAAAAABQAQAAFAAABAAAAUEBRJYLJFpUCQlEAEnZ7PzPo56+jNmeufJ28yc171s0thNutayYc/dzJhW8MUi1QiUBQiZgSjRV+jpjg6OnrMfRv0Nc2u3i518/zJ6+eAgkhMAAAAAE+hw/X3t6m6cemsRSNmGheIiW3ZxdLnthOS0ras3XLXOyN+eT0ejx7Tf0XofN+kvq81Z1ibVwcr58XDm/OfJ+j53TzBcAAAAAAAAAAAAAAAAAAAAAAAAAAABQAQAAAFAAAABAUASIWkrNhW0LJABEhCURIImD0/T+Z9nHXq5ezkzutq6WY068bcoRGkVm3DLs50xi0WUWrYEJIWvqY76WXo7Me+XDsp1Rbp27G+T84+4/PLzTE75QEAAAAAAG6+j9fwe09tK6Vxrnp0VMtWhjRSL7Z6XOymcs5Volr4aVXPQrLoLp6fH6+dW6r6XjxeRb5ya38HLybyiDp5gAAAAAAAAAoIAAAAAAAAAAAAAAAAACgAAAgKAAJELCs2mqLisySJKCWEkghZgJml0AJEAAAiYR7OnhepnrppW83eNKpy4dmC5TFV1iLHLn18y1iYuYWuZWlGutLp1Xz9Gap6jvmq9HZ0y8mnRhHw/wAv2c3Xy5TNbCYtBAAAgAmbZ+lj6aem3Te+PRy10qVpaxNt8pPPr0Zpovnc5ZbWOenViZ6ab1zO6scTbM6PX8H0pfe04+68+G3Xg15X53+seDcflC9NeYEAAAAAACggKCAAAAAAAAAAAAAAAAAAoAAAAAm1Vm0ITCgkJhZQJQJQJQJBMATBEWgsiUAEhEkJEBYTEej2+D6Oenq2nTO+HLu5Tny6VcemsNWv0+ofN5fSeYnkT28y5RpCujDrO36Hx/fmt+y0ptFqxl4Xr/CXPzlqz08989FzkmJQAAiYKWmR6Xmyv6ft8b9lj39TbOa4sejkV249hny788Uz1zuLWtW4itciWEndvw9CdMYwVyYLptwazXv+n896q+ny256cl/JT4Dzu3i14gZAAAAACiYgAASsBAAUEAAAAACggAAAAASQKAAAATM0IJIJRKAqayCSqSQAFAlAkRKFiYFlZCQQJQCRCYqCZfc9z4f7HO6cn03kY6eRHRktbxovoepwe2ef5/wBL5dvheX9F4rXJGmi59uPpL0+15PsJ6W2V0jOOUcXd67P4hH1vyWvPe2d7iM9q1mTLAglatMoiVkRIfTfMzN/skfF/W492FN9Z1rrWbMMurBnmz0yYrzZ8Cb1x1ZvFOdO7XzLr36eVq1254QXvyF9X1fA3dPp8PC7Lnu+K9P4twxF8oAAAAAAAlYCAAAAAAAAAAAAAAAAAAABRMAACwBSYCQiYExMIJUEJERaCJCEisolmaiwsSERJYvWDRneyRUJIrMSiCZrMfe/QfkXq539p53N6Wd8L2sXS/ucHvLx+T9f4+nyfn/UYN/LPoscvK6OzU27I9JMXZU83Huysv6GPYz5/5H+2/l7HykzXXHVS1labUqiZzYuUCCQKiLQW+t+Qvnp+t7/L/W49vPTqq1zc3Xzs+dXarPNl6E2cD0c08vh9nz45UxU1tRa82+cvNXo5rOn0vF9SvU4c/mbzYk84IAAAAAAAFBAAAAAUEAAABQAQAAAACggBKoAAtFhExQAkEAExIgEolAqYIEgVFbJaxKEwqyJExJCYIJFiyYCAAQIlEkotXR7Xz0L+hfZ/hXVnp++cv559nN7cvv8ANd+Bh7XBm8U7zNX7M/QuebPu5jh6N9kxvrDL8n+3/Lbz58ts7zi+di81nURMLKBKEgUmBaBITEu/6T+XehO369XzvYnp446qS8ePbznLydnGnJXDBOzGelOSO+lvLPTaODk9XgXzuffmuY9Hw9mfY+Y6OZwBgBMFlABAAAoIAAAAAAACgBMqJgBAUEAAAAAAAlDQIEkzE0QAAAAAAEwJRKBUgTEkJFa3gqmJU1ksgTMSVi9Rakl4AAggAKmBopbUmEkJH1f6H+IM7/oDg/L/AKSdPeeRlnr9R6Pw3K5/omf5f5+s/sfJ+Lcqfqnznx06xplK5rTWhkm2aCASKAgAEomgiImI9j9P/Gfp3o/UMmk9HDy+nwy8XL2cMxyY75I15LL115IuumnHy2epzcFJi/n14LyiITkFgSggUEBQAAQAAAJWExQIAAEBSYlUEAgAAAAAAAAlQsgCYsAJgTABQAAAAkhIE2QSBUokBIreJc1ozU1kmYmpRNkRaJa3rBcCJJAAJFqYJZWwlFWrM2Vm0RUAKAJEpsmcxeisBLCYElEiBCJiJRNQmAACLREv3v3H4h+kvT9BxdHkTpn5lfLzjenmc9evXxq16ufmVk9DHji51zzrOcwMTBbKEAgAAAAAAAAUEATBQAQAAAAAAAAAAAAFABExKoAtEgCJEJAAAURMEKkAAEoFkLJRImskoE1kUi8SxNZi01myYlUExSyq3mtrITBCSwkkTCWRZZFS1qWLXztZFdMxNZETJC0KiYEIyEEzE2CahIRIiJiExMoWQmAFBAlj0PPL+scnxfqzt5vl55RpFFzKpm0VJaIASBQQFBAAUEAAAACSExQQAAAAAAAAAAAAAAAAABMFSKhMRMxITAAAQqYICgglUSAAACYEzE0JSqwhIgEVtEsTAuibCJhEqpeKy3JSBQQCwQTCC01kt2cF9Z9Tz5yssJQECoRBKKrQRMKmYF0LJiRWLVlTAmYmyEwQmJQJiYETETak1SLVzQAUEAAAJiAoIACiSwECAAAomAICggmFBAAoAAAAIAAAAACggCRoRMSEmBUAFEoiQCwFAAAAATEomFWmJsQSwRFlFXiLFI1zhakrYIFIkVlWW4QgSQoERasLVvVZqjqpjOs6EUAiIllFoTLUiLQViYlkEzFrBBETEokkWQmIgKEBSJREhOd1ZpjNCAAoAAICggKCAtmCAQKCAoITC0EACAAAAoAIAAAAAAAAACpFBEgQQkoEC0AAJAUKAmATBJQJRKygkoAEoUiyCslUxLaa2oECkTEVvWFvASiSEiCUotC1mZiNImy9ZjUiJrLESlWiUtNWpaEla3qRMSTMSImCIITElolURNYCUBMTURMRIAqK3rFRmgBQQAAAAAFBAAAAAAUEAJhbMEAgAAUAAEAAAAAAAAAf/8QAMRAAAgIBAwMCBgMAAgMAAwAAAAECAxEEEiEQEzEFIBQiMEBgcDJBUAYjFSQzFkKA/9oACAEBAAEFAvo4FEUBVirO0XVbf1qkRiRgRgRqFQfDmo03yzjh/rJEUQiQrK6hQNhtHDjXabY3/u4MG0wY9mOuDBj8oRCJVDJXXgjESNptNhrKN8LYbX/r49uem5HdRvQ0pjTiRfLhuMYMCjkx0ayOOPyaJVEqrwooSFE2mDBOOV6hp9spL/WUTHXJnPTODPXebjYVy4mt5/cPLxKLjkXA0Sh+S1mngQRFEUJCRgwM1lW9aivbL/USycRHLPtXuTFLHSM8uSyLhtrDJCeDgccmPyOo00eIoghIXsZdya+kkv8ASYkJJKx+9v35Mm/I/Cl0z7GskofkVL50v8Yoihe1kzUx3Rvhtf8AnJNm3A30TwZbb+xUsG4ybjJ56RPI1+QweHo5ZhWRF7ZMky3xqojX+ZgURyM+zx9jj6OSQ/yHQW8UvJEXXI5EpEmWsuLFz/l5M/Vx78/TXTyP8h01myensISEzJkciUhyJSLZFjLP9SFE5nwyiPZE8urSymQ9OF6dEl6cizQ4J6ZxO2zb9i/yHR6nmu3KUzebxyGxsnInImyX+Pj6ddLmQqhUOU5DpkxaOyZT6Y0V6dQFE2mwdSJ6WEyWgRP09lmknAdUkYx9fBj8frltenuyo2G43G4ciUiUycibGP8AxfA39KqDk66WlGkVGSFEYka8CRgwJGDHTBtJV5LNLGRf6c82aOcR1tC4bX0ojXHkf4/prcFdmTuG8cyUyUyUiUiTH/iof0cZKNHKZCmMEoEYiwjAkYMezBjrtNhKlSdmm4s9PW2zQMtocPpZ4PDlHMfx6LwU3CtO6dwcxyHIlIY/8xRNgqslNMYiEsCWTaKPVdcGOmDaYEbTBtO1EsoU3qtGpF+mlFsx70QmWeYk1h/j0JYFM3m83jmOX+Oh+5EURgQqI14IrHRdEY6Z6IXsTQxMyZz0k8KCJxUlbpYyjrvT9o1j6CHhxzgs/IIyNxuNxkyZ/wAhe6JUiuOOmBIwYF7EIXs2mMCRgwMwYM9LKY2L1T07tSx9J8/kOTJkz/npFcCqBGODAkYMe3BjqjHSJg2mDHsweOl1Ktj6hpXRb4+iv0WveiESmsgsLrHkwYMGBdEY6rwl7Who8C6Pp4NfplqKbIOuXuXWXn9GvokV15K6iMBCF0XXIhCRjokYEZwJ9M9P7Npgx0aGLB63otr+i/0Uh+xLJXVkqqwKIhdI9XNIV0X02iXRIx7kZ9+Ok10vqWoq1FMqrMfpLwP2U1ldail7Eb8HxER6nC+IRPUC9QwQ9RgirUxmRkhGB9V03GfYuj46sa6euV/9pn9IIz7K45cI7SPRDM4JXHdyLOZSeZZOSXBGakVXKBpdWmq5pkWSP7cOMcGeiZnBnpnrkfRnqtKt0zX6TXRIpiRENH9eScmYEkYFVk+GHpUy3SYJVuJFtFVri6NTuhXbk3iaZ/X8m/oZ6M8dJF0d1eph27v0euq6RRVHiCP7JH9YyeDOSKyQXMYirJVJl2iTLtI4CiUPBTIjIhIlPhGBVm36cyR6rVsu6Y9uP0QvbBZKlhC4H42jQxsgjiJ8XCIta0LXor1lVhiLLKFIv02xx4dVhCwjM8kTImSkeOm0x7JdGSGeq1OcHHHVx46YMMS47KHB/oVe2mJFYEhC5JQ48jRjLsvUBzyO4Ub5n/s1rvNkNROtab1FWF+LI2La6pFUiEuMm4yZPJu43G7q0ZHLByxEiRqob6rq8PpFcShtfRC1GDuxkcMcRr9BxXsgihH9x6LBHGLKzKRKhSd1MUvgrJlOlVZp6oi0uV6tVRp6lY4PubinVb4XcqEyiRW8vwPgTM4Mm43YJXOJ8XE+JTSuTHYhdPBMkWPC1GHKysiV8O2CcH4/qLMJkqzwdxmc/oZIgitJJcEc5ZCs28OuTHRk+HRshmEExJoUN0q7XBera26N12she6JYkv8Artb3Lw9PIpEsjiPgTNx3MFmpwW6pj1kiOpaI6raqta4mnu39MkvDLvGpj80hxyQGTW2UXgxg3YMjSH+g/h5KOBdIorRHgZErgR4EYRgSZdBjt7cq9VGRXODIo1Onhqo6n0eVYq3CU9PvqiP+WmXNKFHJ/UxvA5jmTi5E9LInppIcWhPBGfOjs2ypvVqZkZd/G6TjKcUZJR4cvln8yYpNGcm7BnI/0Fpa8yscZraJCILJDo2Q5ImeichRmOuwzahreS0tTOxbArutiQ1ZKyMzVaD4k02kUXdV2puPzaeJUIfiwnPlQ3EdORpSOwmT00Wp6FMs9OkS00oSr+WVF8e430ZqHxqHuN3SM8x3Ye4fkyZM/oP+NQ1ti/BUiKMi5K0RGRIi46cM7bRsZtO3kdTMEPkLLMl3zPaUlZEbNRYJIhLA70iXqFMSv1GltWQmNGNxKjcW6dwIyw6pboknhX+Lv5f3nDzibfOR/oeZVDfOUs2ZEVR6MSERGxIiiPRIRg25HWOJKDxKsswiwSKFhJCeCTL5Pd3MHfkbFMh8NAUtFYfDRIaqVYkpnMCfzQuhtNDPK/u01Ui58vxMY/P6HXm0jHZW47ekPNa6PlrgwISILpFGBC85P6yPglLBbYTeXIzzQyL+VIkWaaM42aZImpQPgrZqHpVLS9DjZTdRqNIVeob4LUS006r46mHKNSk1pG42j5eu8WMTH+iq1mc47pP+Nk9zRRDLihiWHjMhCIERCQl0XPTBKRZPBOWek5EVkpgRR/TZZLandBriQqmaO90Oerd8fXHtocoJUWuUdDc9Pc5qSkk41N9xPheNeyfR/orTLNsIfNbySIoojiK4R46IiZWUysSF4/rCIjNxJlssDlknMzlwKUxdP7lHcrKnFsr1EqyqUbB1ms0XxUNVobNM9Mmdrbb5X/6Ux+fBLg9SeHP9GaL+fhT8Plxr2kMD6eOkWIQisixGVjJvwdzI5llmCc3MUJYsrZGsqr5rgbSRnmtZLaslmmypV2QIuyt1aqTO7ksSmpaLbqNuyFbZnJVwIlzL1KeZvx+i9D/9JFnjTw3SS5XTBIb4TFITIPJBkGJm4cumCxpKc9xGSid9F96K7suqwpkmYTLeBfyrOMyiSgpFmmkjtkHE4ZYsPtymYknsILpPhax/9j/Rnp8CxkzSeF5X8ej8yN2DcQkRK3kzg7g7DundFM9QtcFG8t1DPipCu3lb5rmUTO/tHduF5hz0zve1G17nBMlRBio2FtblGvKj2cmMDWOlj+W+W6x/ozSvt1zSmTpeNMsKCz7Fy5x5/tMgyEsm5p99inJvY2bMGcPLNXT3q5QlBzWRrpRM7mHReSlmKtxKtboVSPJ/ETysHgfJtaFyOscRvmzy+DUz202ef0ZV/wDGoeJEI7SOEYyYMEYkly0YIoimKqUhadka1EeOuOllakW0k4mCHDbKbGnbro1x0+ojbOmS2ybhKFmT+S/iQ5MdGYwZGMn5k+fUZ7a5dUuf0To4b9O47VjCSIIR/cuCPjabOO2VQIUmzaY4lLC3ikcSMGCUcllZdXgaInk27YSyyDcZaDUNn8xfK4WcYIyz0aGjJOQmTJ2c7jX2b5Z6If6K0ENumt/lPwuSPjgXmRHgRGJtKSPhyN5OznfyhSwKRkwOvJbpNyuocRxZCEm4aOclZ6dZEdEomklsdE8k4kZCkRlgi+jJEnzuwWS4ly5/LDVP2Pz+idHapU2MtZWiPleRo5ZBc/3yUvl8QjLJN7Ccud6ifFHxRHWEdbkr1KI2RYtuJ6Wuwt9NNP6dtktPtTrTLtCpkfS7FKqjtr+miLI4IiMEyZK3CsnmMTV2NF4/CH+i9JqO05akc98lwR6oXiHD8GOVw4PdDGyUmttzacrZG5i3yIad5WmyfD2m66or1bRTrNyhJT6eU4mDno5EpEZFbIs3DnxLxNltTm7BywX2bi//ACdjHFr8lVjNL81v9ieUuRPgR/UPBTIuryThxKtZlRVI+HhElS8cohMhNMxks0cJnbv07q1uFDXlV8Zi5MDibRxyWy2kZ8wmJkZjmMn5LP56izbDcXcMf+JGqUivQyZVoIohpaz4Gua1Xo/E4Srl+RI0MTnL6buI8G4iMTP5KBF8ThgnFMlFjfC5UoipTI1NOKaEuOGW6au5WaK+Mlfdp5aX1JSIWqzpnhvBrFuK7GVWcxkZ5cjI/LfEnmWpnunL+NjzP/CUJSK9HOZT6YQ08K02kZIshIrakvV9Apw/IkaNf9UWPpFmeE8ClgzkUhSFIVuCU+LHzORw0otDfMZEJCfArDKG1hxjJanQYNLrpVyq1Cmv6xuV/wDGx7La7CExMyN4M8zl8upnthbL52x6R9v7+MJSKvTrbCn0cjoK4LbGI5kpm83Cs5hYV2lr3V6mO2/8hRp+KU8GUcGOrNxuFIjJn9okSgL5ZRLK8mHEVjRXYSW47e5bNpk4ZOZq6TSavaUajeslscx1i2yrmVzFM7g5fNuRbP5bbN8bJi/lv/8AT+9hXKZp/TJTKNBCsUIxHIlIsZvLJCmbuJSw434Iak+IXb1Mt135FS/+nJkyZ6cvpgS6Q5Ec9NpZAijGVKo7RGtik0QtY3k2DrJour3R/hPQ6nmMsmFJeoVkeCEyNpG3L39NddtJP5JMgi+7bT95p9I7Xp9JCtLCNw5jmSkWSN/Niym8ONg3kYp4J6r5Xz+R0S/6U0Z6NmEYMG08EeSPRDN2CXJCIjBsNuDBCBtFwSs4tlOZDen6jp9rolidHzwrWTWafenT8847CMuU2lXHHScu7OOjssWop2W9vs1ylvf3UIOb0+gK4KsyZEyQ2Nk2WSwK7iczcbx2Dl+S0fwUhSFJI3ZM8R8LptFHAiIkMwh+azgyI25FUKHO0cOOymRpjEnUiyiM1d6ZOiejacIcFssp0F1bk4UbSuDk0jVS2U6PTbrO2lB6FSl6rand9ylko0crHp9FGtSaRkybyLyNjkTtwW3krGzcORkz+T0x/wDXE8G4UkyLwRYhexGJMUTbgfmBMyZI+DyIfTcPk7eVsFVBDfMKCyOSylMnDuS2YEi//sKNM4tR51WKKJyc5fbqLkVaGcyj02MSFcYKTLJHcIyJELMKdpZcWXDeTJn8pRTH/pktsukZYFNEZEeBSMk5m4g8EJilkxklBMhgngxyRng3rouHMS4z8yIm1SHposhTCsnNDeS6bsagooZp63bOuvaqo7rf+Sa+MY/bV6edhT6Vkr0NdYoqJkyMtQ+BSHYTvwd4lZkcjP5XE/jG1Z6ZMmSMiMhSO4biLNxTIjLnJ8x3MHeiyLTP68CE+I8D5efl8ShyPg7mD4jB3dx5J2tuMVXGTGxQ3yopUF4jqtbD0/SXWyus+0ronYab0sr08K0Pq2ZLHxOQ7Wh2tnkY3+W1rMpkiUfYpYIzN5uN4pGSt8xmR5WS54b5ddhGeVLlbsOMsG8T58xcGQJMkM3kptldPbUmPg8mkS2xwanURhD1HXy1132ddM7DT+m5KdNCvo+r6SJWE7ic8jWTaSlgb/LtMs2yG+ko+zImbjcbhWEZlUuYS4U8l2BQjNKtJqG0S+WVKJPjuTUqMtRMZT4GxzHLJyyqKiSkSySlk8mrlHSV0a+25+satQr+yq0dlpT6UV6eFXRPo+jGTlgnaTmN5MHglMz+XI0SzZIl1kvZkT6bjcRmRnzVeb02387lhq5SfkfiU5wl82Ka98tu1RyjeSZIfPSERzHLJOYmaCrfbqNNGUddr4aRSk5y+wqpla9L6akRqjWNmeTIpGR8m7BKZZLJMwYJVWJTb/MImkjitj+juMmTcKWCF0kd2R3XmFqceM1W5bltWcvtPGVE3Z6ZM8eRwZjBkySmc5zg00ezV6vqezoW8v7DS6N2vT6aNIuk3gTyzPXwTjuLIzieSUMioNNpt09lUY2aXTWEvSdPI1PozgpRcX+WQRCOytkumej9r9mSNmDukZpiaI+a3zXhmI7Yvco5N3zzmdwU8kVgeCTJMc0SbkR4JXquyGujs9U9Sesf2Gl07slVWq49bmVIkLkwz5j5hZNu4Wnix6GEiWgwu1KslG1yWYlczyeo+mRtU4OEvyvTQzJjHhD+hj3ZN2CNuDvFeoZ3W4x1XbdOpizuIcoqU7CLRFkZcbiTJvBJmcltqhC692Wu2cl9hTX3JaalVR6ZGybzKuOIs2kSCQoI2RFBCiJdHWmTrji2sjw4s8nrOkWPypLLphsgxjWej+g+j98ZYNPqsF04uVeq4r1GSVpzIghPBuybhyHwSksuw12o3v7FLJoqNqXslLChHdLGEzcRkRkKZ3CEiJgbwOR5JVk6sEOnqMd1H5Vpatzx0kuj6P6DH9BPA5NkZsha2QtI2ZXdaIyHM7jO5lykhs1Wo2r7LS1b5Q4QhdJlECZNmRTI2HcIyK2RY5EhIwNEom0fBrLMUy8/lEI7nWlFdGSQ+r+xwKBBqJGUWqp8OxHfwO/juHe57uC7UjeX9jFZenr2RiREjAzGZVQ4miaJLpGRuIMrkRkbui6yHInYkepXrt/lCWSMNiqn0fRkoj+o/oJikKzD7o7WdxndZvTO4TtwN5+z01e6UURQhdJla5g8KwkiaJIXRMjMUxSEzJ3B3JFmoRbrEierc3rZZl+TpOTrr2DERsH1ZKI+r+2yQqlM1EI0x+zpqdjqq2KMRIx0TJsqif0yRIYuiRCJGsjUKsnHiyNm5VWyFoWy30xNS0b09mrebfyaMHJ11KI/ZGzBnPSXJ/Uo/cRg5FenSK4YL7O7Z9lXW5y02lVcNokL2eXWh9JMY+iIIhEgiK6M2oSXRmq06nDVVSqu/JqbO3LClFwHA2DQyMsCe72SiP7PBtK9PkhSkRia63tw+yXJ6fpsdMCQurI+Y9GyXRowIgRZGRGQmSGxMyZH49cgld+T6fUOt+RiGiS6Jm72Sj9hg2iiRqyV0EYmDiuN9rts+y0lPcnVHauuerIiZkch9H1iyMxTITISGyQjI5DmeuNSl+Uaa/HVkjBjrnrKP1sEICrFAjAjA2kYHqtuyP2UVl6KnbFIfTIuuRMTH7M9UzeK0rsIWin08EpE7Sy7C1t3dt/G8fW013SQ+rXsz0lH6eDBErNpt5hHAkKLY+I6q7v3/ZaOndKuOEMfRdH1i+rY31YjA0VEERQkWSwWahInqTVaxy/GMGPs9PfvJD6IwNe6Sx9FLIomzKiiCwRNpCJXUbUl6ld2dN9lXDfLSUbYpYMGDabTaY4fRIS6NmeueqMFcSuJGPTXzlFOF0jUTnW28/ieDBj7dcOrUdxS6LoyUR+xrI170LpDDNpWV1tiqIwRFGD1u3Nn2KWXo9NhVQ4a9sYkkSRgQxvqxCRsNhjpXIqkRME6VJqqJqPTqrj1PQ/C2fheDBj7/wAFV2/oujXSS9rQ17WuiQskEyuqTI6aScaZYhU2lCKPBOXGru7+pGvrpZNDockasEIjQ+sYmOJDXREjabRowRgKJtHEaHERVMrkIkjwNnqNCuqnHbL8Hx/jV3KQhDRJdHEa6qGTsZJUYJVm3HR9EyHJUsOnlRTIoxnr6nqezpvsdEodyvbtSEhkkNiIoY/ZjpkbERF0ZIfSLK5EJGSZkt5jr4bNT+XUXETBJD67EbOaY8xgTr3Gxk4GOqIRKPmdS2JcraLlPgskes2ydv2KeHotfgokprBImMhEwS6Pq3g3jmZFIUhSN45jkORuIzK7CuZuJsyarVKlau7v2/l+iv3twaJRJIx1XmpZXaJw4nAlAkuTBGOSMSuDSrIrB4G0SkSZ6toPitN49j+suD07X7JVyU4yJCgRXRoaGPg3k7RzNxuNwrDundN45jkZMkJsrsFaTsybsL1S7L/MPB6fr1eWaZMtocRxMGBI06K1xKGVZVglBYthgwbBRK+Cpc0vJE3JDmkSmVxy149a9P7Vnsa+snh+nepYO4prAl0yMkNkibJNsSMDNxkyZEzI5G/ArURsO9tI6hyIs1muVatsdkvyXP1FwemepLUEqdxbpo5lp0OtEYFECutMlSXQJVssqbfZwKtEakV0RzXTEWmRGHDrHAZVES41dKsr1dHYu9jX1k9r9P1xDElgaMdJsk+jjk7J2jYSiSjz1yOY5s3M3ELCHzEcQNTrtqssdj/J8mfqU+p6qgq9eyR12jvHSmbOaY4dUBw4vpyS05sJafcfDqJ2MmzBXIiYJIksihzXEiWRzH1yG3UP2tfWhNwfpuv3i5RgaJxJQNht6IkNE0NdMGwcDYOI0RRXPCtu2xsnvl+U46Z+rVqLaSr1m1Gl9Y00jT2QnHynHLlUSoaJVjgzZkUWQrRGJtwSMEYmMCJcR9ZtVurfux9am11T9P1ithgaMG0lAcBos4O7glabsjR2zYbDYOBJEmNmTTrc/UFGNf5Vn7KjU3aaWk/5TdB6L1TS65uJKBOJKKMCiVpkYjQ4HbIxNpg9V9Rhpa5zc5Mf2ml1MqJ6LVq6JtGhkmNlhNHJFCRgx1kiaJjHIhqHAtula/zle1PB6f8A8j1OkNJ6xo9eSiSiSiRIEI4TFEwW6zS0F/8AyHRVmq/5HfapzlZL7fQ6x0T0uoVsRkkSGiZJGMdMmRs3G83EyRbPA3+hNL67rdIq/wDk9Ul/57RSP/O6NP8A/I9LEn/yuZP/AJLrJFnrevsJ6vUW/e+l651yqsVkWiSJImSY30ybzedwlaO0747yy8cs/pR/bJ7X6T6jkUtylInIsmWWDtHcd0do7jvDtHYOY5/oTHsx9PJkz9xXY65em65Wwn4tngttJ3ErR2ndO4bzcZMmf0U/8XSah0WabUq6Gr4V9/MrMm4z+ksGDBj/AAtFrHS9VrlOEpbn+kvh5dq/Ryop/wAbL/NMf4CZmOxfpvJn7zGesYEsbv1usdci/UOfu1//ABj/AP/EACgRAAICAQMEAQUBAQEAAAAAAAABAhEQAxIhIDAxUGAEE0BBUSJwcf/aAAgBAwEBPwHpsv44+hfnUV8AXx6L/MWH2a9k+lfmL3r6UL8naKBsNhsPtjgbfctYoS/KjAUSs1mhwHH27RRX5NEIiXYeNo4j+IJES8ovO4volH4ekJFdb6LzNfDUhIrNm4ssWKKysSXwtCQkLrrCYkMoorM1z8KRBYeVEZQsVwUWyxPDzqL4UiOaETbJajRDWsq+RYoaK6p/CNuEIjjksVmokz7TXghwrP2IYsvLJDw/gmlG2amIiwkUNM8G/wDp/kfPBQokoiOTYyhiGS8D+DfTryTXGERERWGyQ0IUf6JFDExrix6kUKdn6EsTH8G+m8MksIiIiMvMVhYaEiv4amnFs+24kB4n4H8G+n8EyWYsRYxdCHMvgfk3M3J+R8FjxNj+DaHCNTCWYyFhIca5JSPuyvkjM8+cSGUUPjgvGox/BoeCb4EIa4xETwpG4lRJEFwTbXg0nuWHxixqyhkn8Hh4NTwIiPLdCFhxNhVclkKQ8SQhEkT4XwjT1K8kp7hC6HycigyCSFBDgS0hw2kWWhEkbcSlao1JfiR05MX0z/ZL6drx7OIuhFDWIyFMUxuyUf6S0/2hEJDLJEnQ+SUa/AUWyOg2Q0EhRSLGrNeFc+yh0osZWLE2bxTJS2smRZZY2ajNKNs+of8ArjvRjZDRX7Kos3imNikfUTT49lHrvNCLN43a5G+BN2Nl4emTahHjvR0rIRoSGNljkPVHqP2a8FiebwsLLWLP/S/5mC5JTNWd9tK/BHQb8kdJIoTNwyUhzHL2tZss3EXhMQsS6GyKGJmpKu0lZDR/pGCWXiyc6G79tHzh9MWNiYmWXQ9SyQsUeCTPuUiTt9mOl/SMEJFD6J6n89xpLLXTuFIUjcOWLFiyxRvk1Hz2ErIxoQmIbxY5ikh0yel/PbwjSH1PCLNxuzEWJyo3PswjXS+TaOJtHAQmay59rpQvnL6FiumxMTNw5kpX2dOOUNl4iMfBKRYmavtIxsXA30vtWNl9lKyKrKwhITGycirNqOP0SfPs0KsWXl9tIm/12oRrobELFnkaKKxNU/aQl+up9pIfC7WlG+lkcWWIaHwXib59rGXVRWK6kar/AF2UrIRpZrqQhyJSsjE1JVwvbxl1V00bSsSfPZ0tPqvovDKxKN+4jLqoSKKKzN0uzF0yEk1llD6lihLEvPuIyLy810vkarswnRB3hjY+tCGak6XulIUhDFi8c9Eu1pz2sU7Lw+uyyUqG794m0LU/pGSNwsMsbxJ9vTnReKH1M3Ik7fwBSFM3olNG8eoOb7unP9Flj6GWSl8W053iyzcbhyHL4unRvNxuLL+Dr/nj93//xAAiEQACAQQDAQEBAQEAAAAAAAABEQACECAwQFBgEgMhMXD/2gAIAQIBAT8B/wCFvuVD5tRQCV08wd6IoooKYR/JUPMCU0wUwUxQyvkuOfU+p9T6n1H3P5FiARWqlfIJhzc+p9dv+dSMFUJhqlVUqPHcOBycBj7aj9J9w1w1PiHA5qKLAGDtnyjdRZq9J8qszYefp8gdqlPjXYxQUyqhbB5AGCHyZjelRnNjIeGqg1GyxAij8UdCucgYBKofFGHaBDZQfyfXizsWa8Wd7sLHyQyUUVxY2HiFpUUVnk7jiuPszs+YlHY8dx9sdrhscSYN7zHgXxH5AbHmu2Oww4E2EGt98IcjkY7OOwgEA0vQB3FMOR206TqB7ca1FDY2UAi4tPaiPeoooAtRsMRgTKe1cB3qy1OGHQZ/bDt3Z7CZTqOB1DtCMnr/AN5Dg7UjeZRqO0ykdQotxG5QaXuXcraB5IjcIfFO5uRisxdcMd8p83OQEPllcCKfM+bHau6XHfh30h7pcAGEvx73g4refPnpv//EAD0QAAECBAIJAgQEBAUFAAAAAAEAEQIQITESIAMiMEBBUWBhcDJQE3GBkQQjUrEzQqHRFDRicuFDgIKQwf/aAAgBAQAGPwL/ALiHHjw9A2VlyKrKl8lesyegmXZOu4WKG6rKsu6xQ24hOPE3PbOF3VaJjN5U6wf3XudxrJiucnnTq4+6vvbdRDx43nygWtEqDLTrZj7lXaWcqgVVSFPEVbJZWn6dqfF1lZWVAjTbfLqFvenioFQbZ1STqyNAE4BbaQ96Jk/hh0w3KqtJuCsnbZMU6MP18XsUwCMQ2Y8WvkYrFD4gtut5tkIIVqePIg1eCMMVx4btKm/VXxh9fDdtiz7xFAeKihIZvCbbXj9FZlV1SH7qoqqxsnEQO7Y+Hht5sFRWTQmVU6Yql1XdSeI8P1qmV50yDmE6E6W25hUQ8R1CpkG6O1/D903q+S/hRMnMEQCZ52y0yDaiIZHyc037qur4QedaKlU8Z+iaEKxTERpov+Vigixw8iapk+xBlTZkJxsGMITKit4JfM4VU5iLLVh+q7KsJk5C19Hrn7yxw0iF+8nm2e8rsnBCuFSIE8gq5jwXdYSmVLp51V5XfwS2ahVWK9JVVqxKsnHBaMkQxgHHhjDglaYx/htENJpGwmDVEH0lSx2bL/lc1T90xhDcxdViOEoB3zdphOiOBTFUqFXwNiipsa5bpxACvQYVVXWLisOkgCJ0esFUM6xQ3GV81MtLq/BfuMvzTwp0/wBUYeIKPgjEbBeqT7P1hetcFrwKhMK1S47KxMuSoWIssOkZmRh5bGqqMlFVFxwVsOww9vBQhlD3G3orK0rBMVXYNOqYxhNjCuJ8F6XCAymVfBYQG622eqn0kX9lUQfZa2H7IxfhdKKfyk0Qh08GA8+CeEhVVE6aTZQfBfeJOd9d1YkpoYCFDFFHQqpidRRaMxQmHi6xRGnML4cevDaqxaImLRcuScTi7mZ8GhMnPCbpp9hu/ZUTPRfsmiDwrDYce6wYRrG6hwYhF/M6a70WA2TvL5TPg0dk/sN0xqFQtJiSqw05oBAw2TBMn8IRfLI2502dCmIdOFdWTGoWoKJoxxpmbwaflMnlsX2tNm8ITxAhXWqH7p+Kclc1ZkJEo+DYopxjcqGV9nbJrQ/UJxETJmWqU0QmUfBo7qktJ9NtXJ3TEbR8tF2lyTGcfg6BPKPvtK56qmYQ3M3E2yvOsxDz8HQptjWdtu82O2dP4OgfI06Tabp0+ytksrTfJXO0j4OhbltTOhTvlvK6qFqha0qrVorhvDuE22L5SFVauSpVIlQutYFCqqqbgGTSiQPtNlbqb5IApydk4n6aq0xN2Y9lTWCuxVTsnVc3zQ5uyML8fZqBVVVZekLFolhiDHqSKJPL5bFjkrsKivMJodYJowQmJy0TbAmRPJV9joFZVlTKY4RUddMqqisqwiJY9BTssMSvkOSuQtdO1AmUUb29goJaysrbAqIdRwqqpKm0Y5XTiV5ssYumfIDsIokwlpD236gWsrKm0iPUcHy3ZsjqqLIqudpsvnwn8Ln7Yw6kHZU3rVCaIL4g43QQMrJslZRRFO1/6JoXIXxIgnO90TlU6zMq7zZWRhiFCsUGtAgEyZYuKPJOn4CRQMdkwCsvhQ2g3uyr1qT3yW2IY7jVUTCqeJMsSwwiiYSAkAo9If5QjEeO8UVk8Sp1tCN/uZUlgCovmj2T8JfJf4WA1Pq3egWtKg64AT8dxrt6rBBdd5iH6ydRaSL1RWCi0kZcxbrQJ4lbroCdNxba0TBOb5DGbm0jWgqVi/kHpG6UC1lbryHcWMu8ryxAyqni2GI3yCEXKDVWGGFu6/w8MTxH1bnZayt18TyG3oUHldYhOknIohRWz1m0sfCH908aOj0Pr/ZOS5O40TxKg2z4T1lEdxdOZYgcl1S8js4YePFaSIGrUTn2GqYr0hWT6NMb9XAbnQy5LWThMAq5XyUT8JQ/dOSsEP8ADh/ruTDK+aysrKypKr5McFIlhN/AYMAVTJ0+e0yTQIxumMRb2n4sPgNk4ou8qSrluuaqKLAOF9zxbxF1Xi32kqmV5vwTC59sKPVLJt6dVVEcrFc5OfbG6rbfKSvKqvKntrDq2vsIhFYj7VSVZVt1RT2StV2Ri3Ngu+9FRQxdT1snHsLmeAXi3TEd8B6own0+x4ijFujb5D1Tgit7ENELmp9wdHqrBFfh7A6ij523N99wjqzDFf8Aff4u+qPbtVWKZj1a4WGL1bo6fLrStKDRcq7m53uqsqwhPD6T1cxvullRWVlT7KuSPSczuWKLfyCiOXVzRX3R2/omsqj75KKIg6xoNy1lq7+VF1fhi2LGkyMz0Tekqocfsuasry5qGA+kB9zwxb/VGLrAaKK/A7CqpJ8xcL9UKBuVaXeeKAa8G6YYin31n6yGi03r4HmqK2xOWocJ4KcwqN/df/J0+0zpoBqm+5uhBEn3qqYJz1mNDpWGkFj+qVlRWVMtFadZXZf2TTtNiooN0wxHemCc9a6ulLcjVfnaL6wL+Lgi/wBS4JjmsqhUqJVhm+cfLdHCwneX65/LjMKbSwQ6Qc7FNEcH+5CKCIRDtls21I/TurhCvhTFotJFAexQH4mCHSQ8xQofD0jRfoiocnFXlbYYXeM2CMRud27IbtXwAINL+do+UV/utTSYIv0x0K5jY/mafRw/VamPSfIJtFANEOdyjFESSee8CtPDGEaT4kPKOq/N/DxQn/SVeMf+K/6n2VINKSvy/wAND9YlQaIfRf5gw/7aLX0+ki+cW+4IjuNPFboQRFP4Sp7TiCA4+PAVdHx2yp4U+JRlBpcUMQi5Hx3VcX8eO6p/6qf/xAAsEAADAAICAgEDAwQDAQEAAAAAAREhMRBBUWFxIGCBMECRUHChscHh8NHx/9oACAEBAAE/If0EhcK56eFhjWDX9s1wU5hj6GdiRlXaReX2DCEJxCE+60K8NuhK2jFoWAlFtlCyjDEn9b6JzqPZfouWH4ES9D9OMfQJ9zqWGssCE1yCrjoatlFka/rCcKeBRbf4IKnush69HofwX8Pg1T+XTGjSZMDpmZHwGzRo9Bgx0JCOusdl9yoWlJCRj6HkFxLgTxYZB/1OEIMecIarujaKKDIL5G+mBsNlgmlZRkl3/kh0kmU+0dr/AOx6YF0HyZPaN48jGq2houkw0dQX2KJ9xrZmyjRj+ncXAuBTMFYf9Oa4hOXsYmpXkc3CGWcGvefpYtF2dDddMoyGm37FaKHAgVR9M/8AyxS3Kk7JfB1N+fI3+4kbm6YuSQSFzTI6KIP+nISNv5JdIZeDsZ/u50irn0qT2U6OHyh4E12eQpT+ZLT/AA/A0U2tYMbJ4JajXwUTEx0PI/hjUcGp9wYBr5pIIXDfOlCFUf8ATJxpURs0ISi4suzzBtjV/W/pS78fRRgVGOmMMJ8GyOK00d5fDI4/X3BBZuQ9+gpRvnnyKtuEn/S4KhHZHC0Oi83lV9F+rqEKQr1z+R8LBReRBKUr9wLj0hhylGJchhM7xH/SFkmM8mL9Ghv6UMoj+rSc3jr6mExuPaGGvuCD4ZeFOUzDksRgLUyY/wCjpGi/U+GSmyflkGP4Rp2+R3EdFgQ12ybOyPyGI4tCTQ1dFLoa4hr9FCZc0Yn3AnGQRgpHGg/pPtqbx6P+ioUh/opGUeELqw4mC9GwP4GUZ8sabXoRJLQl0T44sbKTMfg6avyaiI1bOjcIbBjEvoeeUP2LjhZIuRw59vxWSSyEWX9C6vE/9GJdyn6MMITMoL7RqQ0iVE8FFYQTzaIY1+QvNhdrnwhBO7pDHoRu0JC6IPicYILGeUdkWZ/khRIJH9v10zCEn11MuOP+iY5GbdfM5hOE2iGi+EJZQrbXBoCHbxRS4iMHwx4JH2Rmr2PZL8CElUI4I1RBmQaxRaxk8MyWbHy39CRJ5ErTkWhqvsYT9v0UwZZg3wf03hhv6IuZ9CRUSfJi9fgcUm37K0ZGdMDgmanRITyTAmBCFTEk+gxEUGrQ+iJktRoZNCG6TTLFzeMXwPzT8ISPKGkqf4+vYkloWTR5EVUjilf7foMfH5D4Fhsb/oq8NjwpwlRJIRTefEEt90Xos9kKcyJT2Rti4FxXbklBhIyCIIYYnNZ5WzSfhEV03c8CJqoUqbWfA55M874fLRjpLtUWb6jMqu0/uET8aHwMN/0VYQxIMXCF/gfOEVfX8mIQVL6OSIUZGyFMSIZQTo2qhGSyPsEMy9I+JjiGNfP/AAYpPQss8OSRjE/iDdb5b+lPA3Rqf3AmL6Av9GQxDd+hFhV2x1wh3DLgQWFIehIVmD3gsKRvkgm+jTI1fsTLWC/Jj2JNGGoe9HXoabDFEGPWj69FrA39dNh7+4aUv9IbfGlyhBnSYziEIQnY8Ohu2LI2xw6IfyaE6FwQF6LnKwWia1woJsM5nstXBorr2QKc/wAhdEZPri55WP8A2KWhKZ4nSEnFCvsR2LTCQcyFFmcnjgwlMR6DTfB8BGhUOuC8m2ieTKwEncmWfHgdrC4VaZholbTEyRWrvwiIReRzrhcsRn/YpDrwnDZdBzLAgshC4LPBaE5o70ewl8CjFTGE64NvQohsptixo2I4iO+NdGB2a+CeUMSEokyNY0nCfQxnY/7EpXkJD2JFcsQHwTuCRC4wtqS8sVFcOlsxVPgTeR5lDuRiVKNwIfI0xBErM/WhAFaZTYuokx2NZEqJnI/ImeJxQldD4MSqNkPB8HY9KqySX5KfDmj47H/YhG4xs64nikhkhChujASVvyNuz+BqttOqKZD0yOe/A7bbSiYLo0YmtCGdmumSjfz0QGnRL1sheBJxog7Evy6JnI4fJkPc7EHlDeGeI1G6KRP3oYnr6W+Wdf2IWFxoMsLWhL0YvZDQnPiVZCDi/wAC/l60h54BYwK3yHavY3fnwNXb8jvQ0EJ99MYwnMT9k6CqpjscXybZvCQ7ZPCivyWiVNLY1ci9mlsbGEJVBB7SMWIdaag72JeLzON/2ISsfGRDMWEN5+RLDXsaGilNbH8BF6CRKv8AAjJmjpeRKkFPpfIvlBe4G1g9NejvDVsVJZ6MhLNH7vwh0t2DnnoWU8H+TrQ2IpBKDXb4xtjdmhdSBCcIThZ2N+hr+xGcIhoC4QSz+RNuDya4k8GST8D31CorFYGqyCT2ZBlgvs3FGdLgsOkhsTFKGRRlvfobaPpodVJK9jdvKjG78dCcFvbEsMDVWRp0MXAhCVjwzBGKHwLIsHNrhFYfxwhDxIPeCLwo55tusVCmif2E34Wx+BF5qiMOyyousi38EJIcSSj18E+A7Kytjaj8dBz0vgaVN+WNRl7QoG3zUMURvGGXOPwzdEfMnSI8iFg4J6sxCZNNvrYn32a2R+BtQPyZZY+D+IWA8sxyVjTXF6NILsTDJ4qNYy+ntD9oShcO9B/s2kUlUIzT5QvSeGPMnXwzEI/2D7HwhFWQXsLKGkz+Bt9vHgdXhlAl66UzcmhfpEzAJ9Se1EW55FGm0vyY8rCefDGyL0YgrV+BNHeg32x8HZBlGiRGxaJ66ITDpifY18qLFCp+BqmgtqjE5NtY9E5khZs9p4P5pDItd2ITYuKGhSa6E7xcMb4if5GTUErp+CmMvwNb05S8i1F/PCAluntEcpIO9hJw4expksD/ALAwWEJCWSjNfsiX+hutQzVWbbz0Oby2xTEFMQvkZh/EEhdHpsjg15Yh/wABrxmJ+Rae8rKehR8wyPFhmYNxPPsYkay9DgULtQ6ViY+BM9MhIN7ZhhsfziqyFv8AodqfkzVN+cP4MGddEf4P9UDIhtkqmaMxKiRuKk4umvyPA2ksjZaZ8m6RTskgUwG/QwXUP8R0Sf2Dl7HRkJkm4UzCmRYykbdm+GUd2ESaI22KGD1JtRn5CPm/wBRMjVwZIj6DT8ksC74Q9lc6mKLZR52vRaUYglAjAnRkaa0qITK2mxOx/QzDvs60xjHKsuP2TwfLsbRZLstCi9P+BjRtiyO44f0/RjGSLx4MMWTdXipBL9TC+gsiwwHQ37fhlCBj/YJFtLzk4rY8iDX5CkHoWTAk+LIOkisCiy3fQxpRez/pgrlJ/Atht8oUmF/A0vsYPM9kMD+APbjXymIo0VznWRbOWnip4J9Gm6MInGzoPhQcY1l47Hmmjo8gNaoaanTPzIwmmQhTnyO0GtYJiyZSrbbrguTzM4TD70YemNJpzR8AZf5L2mDV00Yx0zQkGr9j8Mf2DTld5Y2SD8gyj0LwYlogqYezI2/PAgz6Gf5KHSaJ3E2NIjHkMLwD8Q2//Awk2zw+ycoaG3b8oSzmCXOCyPFIuD4IIimmyivJ1DLtEz/aARrJ7Mgs3slppp6GiaIdfkhy6/kRNmran4S6ZhrocWCjRs8jpI86LkmKWsaZleDM4PV/YfRPR0Its2Wlgewr8E1GL/B1RfsXOx2nWaF5HeTsMmIo/InTRmsCn6KPWRkiRsDAVE0zDCVZD8i0GI0iSLr6HGso8b86LGznpYDYUGE+H5h4kXmgPaphVW/IkoJ+BPFBGBPkQ70VVYl+DabdH4DaC0XbI1odSo/mIcXHDx/YXJBIZ3P/ABDm8mhoxU7uGyITCip/HFzNYsF86M3sWbNAujG0ookc4F02U+TtKSh0MJYZDWCHgaFWP8ESqB4ccvyYIHuQab+quzLBW6T9Cl0aNg1alAEbuhwnTK2dDdFtZXkcP4/wJ5pkNiR3gvkzTyNhl0PYtcP+wsn7IIlfAJGQMi8FzpDSI96JrphLgdLAujFZJbEOwZLjHksy4NGB42UnsZInlmRn0eQNxMkPyMyIIbFmjajzUXI8kfkiTtSx6DX23Sw/IrK11Fi/JtnF3tTpD7mrojfoYYw4QYG7CCuxYCyY3c90c6ESGXwphUJ5HrZTYmP+wz5vYoz9DZGw55R/tRl83knZ8MiZmbiVA4Z3Y5v0KkiMYIcPfFpvY63glX6EU7wkI3BqbxqXAwg3N9Hql9sxGCvY8DqlvvAqGtaH62eF0dYV89D2bpfIr+QLG7Dm09Kf+/k2wMkXkoKdjcMfL/sNsFqKX54FcUXL0ERJZwRcC1BvbYsZ4cMjJj4gk1wOIjVI9rY/yHvItjBphrQmg1GM3xoLFoVGDIssYnpmgzpmYvwRLkvJ3T+CRF2JkLdzPA3epVQbrePkcE0LeopRmM0ZwirQ/l/YxOFceh5RS47l+mXYml8djPCIp5J4b32QWWVwfCjgTo8DF7wk/wD4IcdmZMTingTdCT2hgbEzibMEvRI4nhk1JPBjJkZNBpeMkfzRCmNfkWaqoMdErHoWT2lowaVfAsdWEuujvAygZKqHx9T/ALDYvjRFj1MbW8CRhU+34OsKjdMg+Yymyy3Iy2BirZ2IUdkOyrKLBZyIbyIGh4HLbOoxB+Ty88CTWTVkxbF9hpQrSodTrFgrQbnUkhaGjKLD8muF6TASF09MdJ8wiO0FRvJ7E6PK6I/BqvRNnosff9jS71Ut4wqPjn/0MyHjRUnsimBE30ULPULTELgWCZXB5AKKp6KYbQPGxkehSpMaGIyngpsSqLPZmKMgRH2QZEpEzyonZsTw+ArSDy8vK8kpXlhG+xKd2FtF5EczQ6Qvu5g2Me/7GU2eEJK2UjJEST6mJoyYHHQsMm1mRC3RsOSkOozrhZ5wX4GDyNV6GGX4RKiD0MOwaxRP48QmVwfSCXoZGNClWVokZq8DdFS2hodL8ryfLD1xzcD5psc9jyrkKnfjHCQlpXF5/sVE/JjZlmR+ymWmK/wO4ZPBeHKshk1TpdrApeD+BoiShuXg6+FPfEnoaPQbNRoUhVMe/omOk8kQyu5RXsUGsQUJhhIarP8AuDTf/kaawzPaK8WDhDQ9wdR8TzaPQlg2dHs2McF/sT5kavA+QtU1Vs0lolrrQ9wEjPYqrUKViI8UVvMMLF090LyYLiMTLgV2LoSxKQsxZG+WKtCUtG7t/gzao3TDEtmC+BBwpmlQ/wBvBKhSSI8eDKGp5MamMFV5pofbGJxm7+xVRaRcPSUXojHSQmSXRJ8mQiMHc2LZ3IkjyImITC8GvMCNNDE+hiywa5yXq/kh3kRu8jbjk7EVkcOi5gqnnENNBYkiZvCYq2ZaV2uyWGhQ6lmTJRqh0m+iENVg3GMpGoN2xDFlPEPbuPgSs2c1/YvzIKEBUWNoTGTWU0mXGXTbQiGwLTxs7PIyU9NDHLsbNFhlqKO7FTVMwvkg66lM4EPW0npGsuvJvT+SVshFXFgTReobTBQnTop5BYhvIt1rBSedFMBqLODgeRqow9CTWDstPCFqVqT+BujwUf8ARI2JvY2DL7lRxaWhtYRsq8BnRY/4M6FM7fkaNQoghujLa7Q2j2PZnFTuMpmcaMrIamFQh6dlbnwZP8h7JMwxSVCmPaGYX4D3CyhPR+RJh5GDhi3kcaGJoc8ZhNaFNY2eUJb1IqJjYH1QljI+Xowjj8PIvXsfB2lH/PDf0OG/BqE+CEOhhAytngemEfca1mD2QmIsIzzVNDbw61AqpdmLIlSHblGIOpia9hsVQNgaPAg2zDCKQmZRmE4ebJmMZDKZIxYG3BWAqFdGYxbc10xYssRYY1gSdBOXQpLuVenQyC6FHmdjNRr+QhHxIMcrtpL4Gcu2SX+R7fDBR/0HcDH60QhRnRkaAWZdj0ZIJxbhqNp9fcdPzbb2VWo2zN3/AF0dZS+RSeh00I+2dpG7cIPIpdihLJbKIiAyToaqEGDSJsR/JaBNwMTieiCO4/InFPhjcb52a5xwWsBZZncwKqQ5I1sv2V0xXgayYsVJNnob3r/BFbQS/hIzRlt/5LJkl/oDWMZuFCMZ1ILXRC0sHvMmPE8gr2Sexd2cEq8/cWgtTmmyioZMmzLD1/scPArUmu/ZF2J44LgZ1I2oziMqKa9jPoB01BaDZJoteghEwwDTB46MF7HzY6nDbXY6HCV5Hgf8gTA1cOHYmwUqjyN9CVmKbdyeJ/6CnGWNjvO9iz3n++awmCaC5VKK8EQMBEe/Dl2Kw0/MEpjc+SQefuJaN3H5PrJaeGLBYjOvs+X/AGJtNO29C7GJRextcCOxIqBELKDljMhbfsa9YnGrmD9BQowZq2ITKEjOlgSl/sNQzpWhppklQSlKYxP8lYj12J7fAlmJ/wD0QmdXjyMSpzD/AIf/AD/JCz4RmMU3k/3iVFRtYFurJ0BYfQDjMDoBnAr7DzRZkcqBqbf3EtFFY3EphZkyzhdF15GeijwaylIZafQgpGoJZEdF74G2HXQkGrptESnsl0i2XCtxC2HkYxL8iGvGAe4WwZNKR2qyPTLmDT1i5kGJ5Fad6So/WOjuW8yFMmO32VgS6HN3P93GINcFNELE3C+BnngSIbYpwxVGb88DRu/ca0Nh9jK4i70yIe89sSJ89GHsxDDehLA0fCTPORTOhMWEdEFXgaRyDRYEVpJ2DFkj4F6NU90GVlCgDAd6r8oYxOrYytDEhcwvbBh2dDKh+YIE+I1VmD7eEPvIzNGmFW/BaNVkWPHP5/dMbAnXARmipgUNFxxZAeUkIXZtSfA154GWL9yIWjX85DzXRrUWacEF20PYwf8AA9VWxy1jYmOujogooxJZK+RJgvYqfwbJC7CwqNfgIpOCcGiGgYm+tBrUSfoTCK8DmpZLOiQ0bYRpgjyROpHe+hK9ogMyHLY7ulWNIrav9w+iNjtWEQUEAhBEWbbKHmheRibsncjHp8Jhlv7pQ6jWS6uFfPAkvYx62SHfg2wM6Fh7ZhUyY4k5HTIVGKwk0HiOcVvwJX0hO2j9cGn6CN8HgMyILKoLqQVZ0NOntrowtCYYdIKAnlgUliHvo+Yrjpft3uQdkFGkIogYZa8OQX5FzZdgbPsdwGW/ut+GSJo0LwUMRSyi2ORc0Ns8CjFyJeCrJFTZWsMpc0w2wNCsMt9lEVEgYXoHoMRepRxHzF2YW9zsl8vZvyzo2xV+D3LkIBhvgNh/zHgpwVf7VzGGkYJINzXBjfJVRJbHsOyG3sNOG/dnt5pGKg+Oi+eCZRDa41cGyKMNPIkseBDyh5MwYrdsbIseiWTMGngwZ0IlSpOkZ3sSCqsRrspRvQy8DZKJgZKzvgU7I+2KkHVtlVPowy0fAwYaFo1Sq+EObVYfCv2jSE9kwpUSiSSwObHwuR4SPdyAo2IFfu7406b1s6s//RvJ3Jc9ih8KWZLYo8HSZPHGarPCBVSURlFXoekli6G9VwzGOxoqtPMA3RMGdJnybR4X/wCAoj6Ia1gaGxi7wTtnpT5M7GWIYt3l0ZijX9fskm9GoZInH/mIokpZrmSi3kS8EcaozgbR8Y2f3dtwEetMGPOdo0eHmiGA9sYXsZMsX0DEmSNBBDfoj/LBDITTbyVgzFDcY7uIIYc/I/SFFFRcWKjU7hFdiVIZ/if4zyMDGmmim1gY5vAhuZkjk9ag2PZDb/YrCQXpORUpGAZUUPgcEZIfZxOoqjZsvok0vgpymvvBKeyGLeOxjGicpwTDcpCD22OMZQ3NVovRxBJP4gxglbZS8UWS7XSMWKxmSY1HGhZjXIeENwwag57KZsjLjtY2XH49s0w1y67fYiPYPkOcyt9/sNiO2sCbSb4bXICCQQlR0MTGxtqjuyaYkUQlLCjiNj/GJcL+B4e3OmMa2k6+7afyQDpD4bMh/QPijX0KKOCpYvqHHQ7LRDxYwE1g8x0Nxhio8kPHkRIiNUpiLGwyKldiLsQ0eOxBlBgdipXmmxbVSSEuyZV7ef2K02sCugTEU6ygaDBdBEK3XGS7DbqKOAE24smboNRlsCSWMekf8ozJifdaMp0sjYJeLgdFfweoxMehjKLI+D4vCCYMbQn6LMwbNXiMip0eIQG20x02yKA9LhQ2diEhq97Mb6ZgZQyeEKGVl6GQJIiTJN4+Cwjw/YtQoIOMi4UGAfIkC0UMQY2jwT0cNK0QImh1XBBsIg20OwujTIhBGt/dchERdvZ27HnYr4DE+Swbo8j4TExB/SnLXGLpPY3uTLo0Ognvks+xgeXfAx42L8iXBuIw06XRm7Xyf80OzA8l/W2V3+yohAZZMUJifMZjiOYcEeRQWjhcag0x5BjVIdpQTwR3pjw/uJIn1tQywhl/khYP4GHwpR54omJiCE5TLxRrVMeZdEmhFdF5WMQxbrIh52GS9EstoukbLaSGk64vkS1T2Mu4Ruu/sorawKlJCEEIPTEJEQGYspwa+CZgGb4FBXhx4PxUau9/cM/QYlBBSSDHgQ9Bjse+E4oxsTE+Ghoa+tBUyqH3gJXf2J3JCTwJEiG0ngdrDomj4CFeU0mByb87Q+xX+ygIUnz9BLEwQjz5fAbaGIVcEDAIvPCmIOkKSKmS6r39xJctfQ14hXtKKt8MMQoLOL6Hnh8ITEzY0IP6qMFzJukJr6bHKKPZkSaoTD0MFoThkxj1v9m1Dhii41nFZQ0XJhqU5FBInxO4HMcIS+TsBLsU74OvQm/uFL6XxMISnvhg8Fothj4HgYp5MHB/NH9JCZRsfM+pcNsvH+Rm1heWPc2230v2iSkhCEt8wguCjO4TgamPHM2Eio0dNcWMbU4k0jp24Z+CNedfcCX1Mkgh9+TBDFwzF6EmQ2YJoxtsRuDWR8P6KUo39UIQn0P8IcYBCZUTbPA7ePj9mpBVtDF8SC4pQkuDxxPeC3wrxL4EsCjrpCnRhIliHmTcxft9L9CP27Qlmp9jyAmhDg8o+R8nyNEsoSODGTm8X9GE4J30NwOIy6F/P3pfs0qCESvgmB8BBl4oNOFcWuQmRvovpwycDDD0KOsv7fk/RoFv/Q0qFEwWIEzshoVbMcNX4PEh8Qf6mWipw99ZIutEVhQ2wOjDBz3vXx+zYnGBK04ZYI28t+ByuJiC4JGLBEge895QojYYYh2J7Y0Fu/bqQlP09l9H4Hkk4ZMyLRoT43seTu4Y0P8ASUHowzBMZG2NZNdPM/8AsWBnpVn+k/ZvUkRnM8DDYwxRPggXBqNDGMMeOFwSeyvFUeTQiQ7EPZjM6pfbcfC/q1yew6IlG4h38bExBqkP1GM8CprO/gRiXTQoXs2lXRW2mZjr0Kn4Ls8Bt/D9nMbomGuDmzYQ0KJ54ExvkLSQcqmZB8Gj+Naih5Lt5LzRuv7WnJF+x1ompiKRg+EM0T6HjiiY0mVctfUtDFIh6CjWxZUvfdExrA89D/ZTaPxBZ9/5H7N6EkQFBKD4HQ4FQ4D5FnnE+NhsWx3wmMZGrgTBqIwQ2xXknh0MY1f2lC+acR/Wn+qzQyNClYP9hIeh8mvkRPZAw4TKQE39aCTDAr/2IG0vwzaqjZWPwKsY+Ry0E9K/6GtYkbrbIg8Jf5//AAa/YvkicolwXx0PPFhMogo04K6NclR8GBYZOB6h0i0Sk8gQO5mIP+D7PERjx+hf0F+qm2qw0R9f/I1fnikeRDO2DRcifFkQ5glwpDUk00/TFRzNFlb+Rkst/hilbfvtCF3v5UWLk68GVmf8MvaI8w8VYPhY4h+tB7xDYUIlJEFxIQZRiVcglkwRkLlX9I7l4MWQLj1FBuiqE+dDHu2n2QqJ+1YnP1k2nVsWLB/uJgQosmUZTW+HKE7g6mTE3MmyiKqGwSKIdD0VgPS3zgXyn+CVaP8AAUnh/D7Ii5/A1tdDaS0/JYhemz6KLhqfqJcMJaMXCGYxiGYgZMxjxD5GiZEuDRhxrREuCJIo4mSZqMGzQY1MIRvl37Ggkl+4gsfr5qfDZksCaFRIf+pExgug8gdCOsNE2Yh5tWGGowIQ8bKMwje9eB5s3o9MiU8AVKyvBil3+aOh+D2Vs8+RseUVaSB74TEPI1+kly+yYyWCU0LAQaGT4lC4vfBCnEaCB2R41k8CuB8b3GDYqRj4tD+xjqX7xP8AX7M9j36NqiXoj8DGuMUMAifj0JImW7GVJgmSjk5o2k+h1wH3gS3+VbQreX/mFJnBl7P+DcafsUXj2WcW/wDZExur2vA02jw+Fwl/Qgl9LNqhiMYS0fHPhiNYMnGnA5XBfssoxPYL2Pka74XcE4oz3iJvhPNMf+xU/fWF4n6D5TbVFpLp/wCOxI336OzQd4HZ6F+iMw0162dLQumBFT+BzzeSqozFhkq9jvUdhvsYsr2N/BiYn5Wg671/gP8A6HR3F8DLk2v8DIui6HniV8cJif6AkT63KTaMwihjJ8GhBDAkxqhy0MBvHHoefFPCxs4IQ17FwjiZRUw0MbsjH9iSU/oNghghCE+tmyaca7FchT/y2Ky/kabv6L20hR5d+ybwpoaUTFEwmOSczwUXVnRQ2ykY1pUqyiKaTrWfTJonbxNMSzI/4M2T10YMM8r/AJN44+OXMaKmtDOsTx8GhPns+hIn6L6JlpmGSQuLQzAZC44bGPQ55RBcY8bwwTpmXfHBRT25HVn2Jr+htCgX6fTFcf8Agv8AJoreN2f4ZDlDkWf50J00/CoxwE+mbSIWnMHiCGbSNxcrPmiQ+zBNnZOmKi6+0Ka1fDJkyj4mxCz2TZyPyawfIKJYhWDkKIX0iRP00NmUIVNyhlZEHwKD6JhRwiYiFMyDEQVDYZ2MLXHJ8dfbHMb7EX9Fl4ZQhf1G38MxCscAdJv4sfyORHyvBSTRtU+Bhb6h8t5EnUh7GsoWerToJUmvH+mPZBsayO3R/wAiLBjUbFgdSTmmIXDT9ZEdoRzyMlVwswxLICeBMxQUtjWx1xRfrxRJcG4hCMQefsRf0V8L9YicpicKsUZX/wBImFP/APD3+DHlHqotpppiUSaFp+R4GhzYok4qdcGNiVZWyA8hyNCokLAayt8E4T/ZLTTGSskTGYjclkOTEmHXluWQi4sQlYpJmtLp8fb0IT9RP9Zr9LGTTaYian2Y/H/0KIj/AMx5HrwCX0T/AOip2zr0KRM8UN5yZ58FhN101o03fiX+RmegNsNm3DQ1eV+yVTBXadGhaQEpISoXwJxioXEccXYyEVEYoo/sVfvoT9KCf6tEy+eZyoQvxvh7EjzGTX+Rpp2+Gw1kr2tRo340l/yZiQXTsf7Z7/5FOUvCL/Q/iLYyl5nDQ0Jfs7BbwBRad4ENEuEtihtDUwGXgIRAcPZZb4Dnz9jL9+xr9NM3+tPBZtcz6Z9aEY8nwv256EcaO0SEzEOL28L09mHh7SA/c9pfQwZ5G79jr+gQa/Shot/X8mgn5XEHwv6Mey+kht2/3CmzQ1D0G2QyiLdZm3zjbyN/I2887L+4lL9bGhr9LQn+tZxSiEIzJ+TC7Ki+Eysz5IuL+6ujAm4MawyMjWK4UpSl+679E/S0J/q0XKY8jl8II+m/vaQ8GRsj2MpeL9nL+iwa/S0J/p3hcxo1qS5GXQ/JBxr+ipwblsf2kv6BOEJ9S/Q0J39amTb8FmTfiXQ/X7V/smvvKl5LxCDX6LNCf6ibQeGITEwi14+pvmE+tfQ/2bX3lCE5omNDXC+to0X9NozaPivLNvpb4QuYNfvGh/d1KUpSl4nCGxi/QZr9Fr6sXWND4f0L6Ghr63+1a++n+nr9Gc4I/HCY+H9C4onwx/pL9k19l//aAAwDAQACAAMAAAAQ0/8A76+Ld7gQVyT+fdebcuEFRSwQAwAyE89IwgywYWwEdd4//wD3/wD/AP8A733/AP8APPv/AP8A/wD/AH3/AP8A/wD/AN//AP8A7/8A/wD/AP8A/wD/AH//AN9999s//wAGwpgjaQIoF8eaIIQQH8wQxAgAigQQgywxBamUz1GLMdd//wD3/wD/APfff/PPvv8A33//AP8Av/8A/wD/AP8A/wD/AP8Az7//AP8APfv/ADz3333339f2ANWHt2mAk2MQMFEEgAgIIMIOMJINTDRnbzphsG/joHCvv/8A/wDfff7/AHz/AN99999/+/8A/wD33/8A9/8A/v8A33/3/wC//wDv/wD3/wB9/O1sYk02sDTAdZVrBEBCBCCCDCCDTjew3PLeNGgwT6p9up8J/wD/APz333zz37//AN//AP8A/wD/AP8A/wD/AP8Az3//AO/89/8A/wD/AO89++9099/9Gcj+KeSDCUAZBBJEIEhACDCDBBDHWt7UJdAadSLmiVAiFDf/APPvPfPPPP8A/wD9/wD/AP8A/wDf/ff/AD7/AN+8+8//APv/AP7z7777z330nIN5Flqi1kqwIDIwEnn650gQMN6EyHy/5pKK7kSsQ5ZESoMdj3X9vv333/33/wA/9/5//wDf/f8A37//AP8A/wD/AP8A9v8A/wD/APf/AP8A999tSXycWGs5kQWm9LKM3HWiBBBDWev1Y/Oo4/LhSm9pYEMQfvaKd9/tf99/999//wD/AP8A/wD/AP3/AN99/wD/AP8A/wB//wD7/wD/APPff/8A/wC/98+QPUC+sEEsN99/lQCyDBBDHMXsDpw19qbk+51LBYGEbW/w4Qd9999/89//AP8A3/8A/wD/AP33/wD/AP8A/wD/AP8A/wD/AP8A/wD999898989+9999tSiGiXz999//v8AbSwxxQwfZNZ2RTbSZ4vPAZT39bgxDwslh0f/AH3/AN/9/wD/AP8A+/8Aff8A/wB/9/8A/wD/AP8A/wD/AP8A/wD/AP8A/wD317//AP8A/PvPPb/dTshDHfffP/8A0fvPm2tWKyCGlJth0d0/BlvngUua3x4buz/3333/AM//AP8A/wC/999//e/99/8A/wD/AP8A/wD337//AP8A/wD/AP8A/wC/373333/2/wD99/8Af1797V6sw6VYXG1CEMBt9aD8IRd65I/bT0eNGtl//ffdff8A3/3/AP8A/f8A/wC//wD/AP8A/wDP/wD/AP8Afvv/AL/3/wDv9/8AffPPP/8A33z3333331v/APbrHXBBVCqhgQtxbdncJGXcDIMH453LLPS3/wDWf/8A/wD9d9/9/wD/AP8A9/8A/wD/AK//AP8A/wB//wD/AP8A9/8A/wD/APt/889//wD0/fffffaP/f41wo0wwzdW+LmMPXv8W4zGrPm+hO9qCvcUXkkef/fv/wD/AP8Aff8A/wD72/8A/wD/AP8A+/8Az/8A/wD9vv8A7/8A/wDf/wD3333/AN9973/960/vH/8A737/AO8tP0U95AalR+2RzsTfy2+MDXLl8eum4Cr/AE9/99+//wCfvv8A/wD/APf/AP8A99//AP8A/wD/AHv/AH//AP8APf8A/n3333z/AN3/APXff/8A/wBq1PXdv77P/ir5Nq0OUQYlvVyp1xZyRcfkkJoZDVWk9/8Aff8A/wD/AP8A/wD/AP8A/wD/AP8A/wD/AP8A/wD98/8A/n/f/tPf/wDb/wD8888++99//wDff/f/AH332397706s+RZrTGGmfnjacbqkXa6alcLmvMI/33//AN//APf/AP3/AP8A/wD3/wD/AP8A/wD9/wDPvP8A7zX6z7z7/wC/+8++88+898899/7/AP7fPb//ADzxYSR8t6gBlfcy8HI3Iq83kNyqZ5ZN3/8A9/8A/wDzzz3/AP8Avv8A/wD/AP8A7377937/AM+++++++88998++38//AP8A/wC99/8A9/8Av/3/AHT/APffTpePLYBJgey1ebQVKLXierWnwrlrnf8AX3/3377/AP8Af/8A/wD/AP8A/wD/AP8A/wC//wD/AL//AN//APvPPfPfff8A7v331/37/wDd9/8Af77xzz/7daUN/IWyAPlz7HQNLuDC5yJP102uTcvP7f8A/wB98/8A/ffff/8A+/8A/wD/AP8A/wDf/wD7/wDf/wD/ALzz/wD/AP8A3/z3/wC9+89888/99/8Aff8A3/333+Gq+w1z0VEhk7LgcvaDxCIxUzyoJ/3/AP8A/f8A377/AP8A/wD/AP8Af+ff/v8A/wD/AP8A/wB+/wD/AP8A+O99+8/+/wDPPPffvv8A73/373333v0/33/1NPnazy4/Shb3cVX35aCqOiBl/VX/AL91/wD/AP3/AP8A/wD3/wD/AP8A7/8A/wD/AP8A/wD/AH//AP8A+fv/AL/3373/APu+8+8888+999d88/8A/ffffbfe2zgYnjJ0y8PSDjI9dCzHhh+bOj//AP8A/wD/AP8A+/8A/wD/AN//AP8A/wD/AP8A3/8A/wD/AP3X3/8A9+c98/8Aff3fPfPfP/fPPvfffffPf3/XfffffPyhkG7CCUcT6WhUGjOtVS+Efgb3cv8A/wD9/wDfPf8A/wD9/wD+OXD9v/8A/wD/AP8A3/8A/wD/AN/73z/7/wC9898888+888+98998898998/998/29bZHChmfZN4Sq0S3guZN1FbX/wD/AP8A/wD/AP8A++//AP8A/LY9GGN7/wB//wD/AL77/wC//wDvvvvvPvPPvfvvvvvvPPvf/wD3333z3/1X3379CN2Xdicb4RkNeVCwyZ+53Ycz3/8A/wD/AP8A/wD/AP8A/wD9RB29kLrVP/8A/wD/APfPPv8Az/77/wCs+2+888f6++8+888+9+/8988+99d99++R0TsCuS/ZK2qL4M9QdN8D3y+//wDf/wD33/8A/wD/AOF4wYr466Tb/wD+/wD/AL3/AP8A/wD/AO+/+98/799988+++8+8+88+++898895d/8A/fsq9xrUSkdtgZ0Jdin/APi4ANz/AN//AP8A/wB/9/4+HFlIH7ld/wD/APz77/8A9/8A/wD/AP8A/fv+PfPPPffPfPfPvvvPffPv/vPPPfbXf/P/AITNZkj6NRDGhUX+lBWJtyOTz/8A/wD/AP7/APz/ALmaxLJOrP8A/wD/APfv/wD/AP8A/wD/AP8A/wD/AP8Af/v/AP3zz33zz777zzzzz37/AM/889/995+/62fpecjQP+hUAtjAjTFrLRV//wDf/wDz/wDziGdXNYu4899//wD/AD//AP8A/wD/AP8A/f8A/wD/APP/AHz/AM+88/8APvvvv/8A77737/776333/wC88/6b1GWFE0qw8FgjFoZnQNHs9/8A/wD333/JVi5CL4KX2HX3/wD8/wDff/8A/wC/988//wD/AD/z73z7z73337zz337z/wB//wD/APz3/wB//wDf/ZbEc/UDdzKNuQyC3FMICT/f/wD/AP8A/wD39pfgnqDRJxk/v3//AP8A/wD/AP8A/wD/AP8Aff8A/wD+8/8AvvvPv/3/AH3/AN893899999998/19fyVjDcXv+elFAj/AO4w7yMO++lf6v8A/wD/AP8A/wC3IdtSDJwvXg9W/wD/AP8A/wD/AH3/AP8Af/8A/wD/AP8A7z/773zz/wD/AH//AL/333/z/wB//wDvffffvQgiWPLinamLBv3B+T8UcyUTP/7/AP8A/wD/AO9WQUPLN3ZDl0Pn3/8A+/8A/ffvvv8A/wD/AP8A/wB++/8A/vvPPfPv7fPPvffffXvffffPfeaEBWNDaqFNrotu2T5YULcMXfff/wD33/8A6jyXSdqP5U8YdECe/wD/AP8A/wD/AH//AP8A/wD/AO//AP8A/b/7/wC8/wD/AD/33/7/AN899/8A/wD/AN/9y7YBzP76QgVk1u3eLc8mctHAOY/73999/wD3Ox2aqjd4fSjbZZlf/wD/AP8Av/8A/wD/AP8A/wB//wD/AP8A+/8A/fffffff/P8A/wD/APPPfff/AH3XoKn223usfnOvh9Qr4z28tTQaFyr/AP8A/ff/APsk81EVBS2zkU+9kB//AP8A/ff/AP8A/wDf/wD/AP8A/wD/AP8AP/PP/wD7/wB8/wDPPPvPPt9q0J6YgTHOfcvfbT6KrVFFXh8PlY3lP279Pfff/wDQscE4n0Bm1WccJ6rjz/8A/wD/AH//AN/9/wD/AP8A/wD/AP8A/wD/APz/AP8Av/Pv/P8A3/8A03GP2MMc+yCEU395Jxs2i3zt8JnhoRO1Drw5399/d3TPh5yDHBguc4FfqEpd/wD/AP8A/wD/AHf/AP6//wDv/wD/AP8Af/f/AP8A8/8A+/fPPPcBhi4qIOyXODFjT7+zz88WDU55zrvgSOfeMDQ8+f8ARJP2EPpR2Hm3Wv6UHByz/wD/AP8A33//AK//AP8A/wD/AP8A/wD99/8A/v8A/wD9/wD/APfzz766K5foPNeemMbeN6JAznLUtxrxQ+BetopBB7EvXOz/ALO0X/75jIR2RVWhVt//AP8A/wD/AP8A/wD9/wD/AP8A/wDf/wD/AP8Aff8A/wD/AP8Az33P/wA6U84E8S+bxX7BSbxwqywDCtBfb7lA+OiWTuu+Sar9UMP9ufnOs4zp0/5TXo/G/wD7jv8A/wD9/wD/AP8A/wD/AP8A997W/wDv/wD/AN/999N/7oM++8888sb1Vqv9BJWqmYSiP/S+ZeZu8on1yA+ga7/fB8+IrfgIENzKyRHLu9+/9/8Afff/AP8A/wCtPfff/aHvv/8A/wD/AP8A/wD6D+qQie+8sM84yJYQ4dP6LyNGsGb/APwASnFY8YvvsTYw9ZMAlidffdgxcY7ci133Dv8A/wD/AP8A/wD/AP8A3/8Ad9//AP8A/wD/APv/AP8A3/8A/ff0/JgGMluoOvMNPjgQawnWC50a9KJcMbkVYo86WVlEt4Q3UVag9/Pajz1AOXTP/f8A3/8A9/8A/wD/AP71/wD/AP8A/wD/AP8A/wD/AP8A/wD/AP3/AP8A3QN/pnurEpDwIQ7lroC9gWzlQXyZs/TxtIUvR/8AMIRPe3ZVvayiSXxVd333z3333f3/AP8AcPf/AP8A91/9/wBv/wD33333/wD/APf/AP3/APAKXY+sCiNMcs8ecrFjCzNAnOr1JU3PmsPRObn7palJdX5C+8ej8/8AG4nt/wD/AN99/wDf/f8Ax7/3/wB/s99//wD/AP33/wC//wD/AP8A/wD/AP0ALJ6R/wA88/8AvPHLTyjjcQM2uqE9BbHCsq4Ni4lUJyPgSVqnfUh/vqNg1C//AP3/AP8A/wD/AP8Af/8A/wD/AP8A3/8Ase//AP8A3337/wD/AP8A7/8A/wD/AP/EACIRAQEBAAICAwEBAQEBAAAAAAEAERAhIDEwQVBAUWFgcf/aAAgBAwEBPxDwWZqGHfkCzxeWW3qOHzyz5D8t8TzqPMPkyzxec4dILL3HCfm75s+GvuekfOX3MPDxsWf7dF1wdS222zzkn5p4vqeNtlu7In4n4wssmOuDwJ422OWP6Jzwe4xe7OHgnx9cZ3ffkHJJx2k4yC688ss/PPUtsRCPUS+eT8ObBk8BEJgiszIl+pZJ5pZ+e2Tx2sIODknwPiOuHgtOEzYWdcMyQkxNhJPrkZbfxH5NOYI/jILLInbAEcBJ1HdsQdkZ+8Mc8U8N/Owss/heA5C2gEwYlk6gturO4dtlG0nrxf48+F/oJ/hIIJGxiMbepbbQhPUXqw2WbYO/Nv7gQRb2cTeoQmH+o1Obt7n1Oic28dIYk6kzqeX/AMKcNmwMIWy427Ng9kSmNCR6vuiQUntdIyXqy4P7J8wQu3YLpwHAPqUS7xs4MBsEdXftg+5/2TDF6uHrhLP3jyDj1IdkZnXuB6J/sj6nUnq93/c99QHq7MOObYhe5O77u5PV78Ov/BbO2I7DCDOkKtbjYHrZXslmwIqTIFhnqW+7Jy7epG3YfcOtvbjp+7vn7P64bH7u0H+WvdvOr/Ba9iW9DbF2W9fSN4WRaXSRMv3CLZ28Bt05NJt/8Foq96zuUOHRejuwOo7I9wfqbNndKO4gRBe4cJrFYR06Wbo7LFwvu9eLw/r58g7LqkxlLrZHB5O2fW3bBMe+MhiXG0kdL0yvS6Zv3DIYf+He/H7ZBDl2TQnUNgXX1ZPu39WTjG5smXch6WBmXps/9g77vqn3Mfkb/Yzvn1tmu33WQ4yRnByFsmJA6k4JNIRRA9XRu/r1K3qEmbLGp1Zl2S/rPw2PN6S9KUOAF0lY674Dcob3BDYu77LBMZKy1GBepdHJdWyz8ef1vlvxH8GAE8BDhnLIOrZkiQQDKsobqhtvqTPZYMV09x6sTZwuz/IP6XpzYJG6cHuOyGNsXqZ7YLEk9jl09yMyhPctDfXAa+rcMkhs4Sz/ABelL7SM1SY4/pHqFv1fUShnd/jakuy8AdLo+xIH0Sx7surtAJdORDZKkXf8HpC9hD7nEPew5dT8tnkXpkHXAyyjYEoCXpm/Whb3Gl/8Viey7ZhN7fq71jcfT5leEI2Z9Ih0v9bJ0hLNH6JHqIiMgl6jp3akvDpOfcr6m4iZ0u3k463+7MuuvyBs3Z9R9AtbrwGICx9Sp17/AD3g9wydODYYm9X/AFaJESzTCzDgM2cHVozp1Dtyy01/lvaQ+Nek7jgqPqDgt7gL/OR/UO2Ok9e4ciM1sjCXZY+pZ7k2Di2Y292n2W3q3/8AkyUEsGS78KLCV7gnVmcOZUHQn9vLLPzzoJhsmQ27LYcDE3sYT7bY3ZujDfUSTY3bjDgymy7PwAvRbdwnotYxK3ZJ6n9RV9/Jv5ersyWnBJbkcD/KwWh1aMZJQ7dJ0WLUDg+B1hGIcCM4nWcncUoxh9ECbUzp8c+V/Dy677lLfU22QmUZtfUaIZb04PbEerrzfhwRDMLL0hsx7kthPIITZ/Uf16NSTK2Zclskz1wMOR04MJAWBI9+HR1427t25ekMvCGpGXYf1v8AS7/5P0LSZk5DbPGXqG21tSBsp+FFhYs59Le9lt0bZQwPqD7WP3LibP59/r34GzvdgYWm8EMzCeNl5yyCzj+p8JZtibLAyXfAepjsS7k0MtE/ObfHHtMsMsdwknnLIIJ3gZtLvfwotgzlL3hLnE1G34HTbadf79+TbbfPb62XeNi9zGZwzgOA2F2HwkWEGU2RGzvuSySGSRsO+Aaa8Yfxdt5dt+TTp8NjuZllmwRDVgZctk/Ad9WHbZllk8lhtmjDS9r6s89dfjb/AA6dNkcEt28B6Ef9sy7Cb15bYjagvcHBwcMnhJhf844shezP7D+Vt8Dj6WA2QQxiDuImR1x7LIy9CSH680ewnS9QfcrLJZYbYBh/zgphFge/yt53yyy2YOei/wBm7eoT33Z1ti3bpK2/7bEThIfFiXSA6cVu/gFkW5dnkWv9Z5PwZzlnOeKWeO3pJGI9XaV6lkbtLS6sjjPF4LXj6u9mxBkvBx1kuDvPDfnJOM/o22H5XlSP7jP3fQbJaepErFseLZwX2I4FvBGSJ4a7/IS/K/Js8DbD57454b5BzvjvI2DH3L1PCieKrzv52WWWcb5O+RPB45w+DwtvDEq0jZMVN1b/AG5/CT47bbZEx4B45wjBDvzyS9cE+Ccjb+Dv8z4ZeoZ5HnPB4T74LONth4eXjI43kc+V/LzjLOM+LbeRHD8f1e5jhIf5X+H/xAAhEQADAAEFAQEBAQEAAAAAAAAAAREQICEwMUBBUFFhcf/aAAgBAgEBPxDQkJeC+Slw8UWtZouK+5LFIQfFOB63opS3HZS5Ligh8iJzLmSIIJHyPD4liouITEo1/MXYTwmXiX5KQsNxkq8rzczBiwsQaEIomLCwsXK8T8rN4ggrNo6RJzxzNohbFzc3CGJDNsJi8q9e1lFhiQiELd8LxwgkPscFjRFicRgSFHhiGh9iYnwTwT1cP+hjoYfI9bzTdGY2yjcE2JlEyFsEE8XMFouVi899PLgns/kQK5ul8SJhsrGGG5hiEQkJC0FUJZpRP89EFGPIj4VwQSp/CG9CD3GMS0hrRNVmDEtS9SxNc4KL40XDG8vo0bsIQhCDSwePh71y3lnhRMNjeINCgyodCRCZkE/o0PGJ3CQkP8earrvhSOkdjWIQ3yxM2IQmWhpkGqwsX03wXxvgQ+xs+FwskxNEKLEGQhBoYWFEUv568qyx7DCYz6EKfTtMTmzGJ5uIMapBNyCWZpX5Kw+K8Cw2J4ZBJDQjpk/B6thqs+Cw83QsTE1L8ti8LRUTin+DYxiEiH+BILNy0Qhm2DYST6HhYN4uieV8c8k4+g8GLdjeOyCEhIQeCw9xK9DBw99hJYx4RRbiETSh6FpX6hpnZMOkgsEMYl0P+oR9FdoW7vBO4WFhaHhYnK/G/TNAhvQijeGJ4oJBIaDNthXsxrfbDYu/xLyXy3Gx620ilaE6hKiQYmzsQuhD+iP5leC+2alwriQm+HpgiEFtmmxzDEpsKPfCF+HeG6VxLjbFo6Fg9LESMf8AIltBYNbYU3fiTQvIxcb/AIJFqWwtzYMUjrBbjQyiYqQyR1G1YXisxXCn5TD00WaJr6NGV0FQ3TtRZQthMvO3BhsykExPx32PgrsWhMtOuhf0J9E8Ey4RtHXme2TITDTFdvoela0PleWPFGxPCExu5SJwfQuhDE6JV8lENBspdCRBeOl4r5GiEGQg18IUT3yxsbFab/R9FE6IT7x0gb0J4oS4nrQ/G+ZYTEGoQg0NDQhbiYwzY3UUpHC/TcxLK1PYf8DdKJlwhISnmXifAtSbnYhBoghINENjrCbC2FP9YPc3YYKcLDdGylKdiPoyfhLyptdKYQaIQbxB9jKdkFsJFvhakhhsQ3oRGRpDls/POF+ZCTYYz4MTIPEIPcOGf4IdsIXZBCa3shnY9kPFELYuGhrt534lwJaSDZS4bEPDEhoaGtxoYW8Tkk4UhxvBvEGsOxLCDreB+N4elD5VllgodEMY38xRsTKMZcPERAkqKOLYNcG9tjsuhDMrCU7OvmWqcj42XCcFY2IMbEUY9UDdvrWENBujeTQssWZTp4160SYefshsTKX+6DxdFKN7CVQSnXCtkN0p2dDQyCTw0JiHEMLt5b5oJE1s+6FpT1QfYhhPouBIebFGqdFyv9FhogkM6fX0TE4YMhCZEkRYnBBojvqTy8s3wWKE1wcDHmZmITCIFsL0LjhtqWuEw1hocYu+NsXTCYFsTUkMaaGhYaEsTTNC6131oo8smilysQ6wkMhMhdxiINYujoTowl3WYLEGqNQXIkJedcE5JhrSywSPsiJgmdjfg01hCR/oahCUhCHYezExiCRBCQ0NUhNDJmEE/DWt6pq2FsUeiUaj/gjXZ2JvhYTxRiCExvKx2Qao0Rl0QSJ8Ei+mE8iIQawmLEKXVcdj/kaHRgmYmF/QkhSZQxYuWqPDopMopPSuKlFwIWKQYeE8TC1UR2TCwlijCwkQeXoaHiZ2/AWmE0IeiZuwi4bDWE89C1NiYhrEeGxvCwliYSGssWExcPRMLXOBaJh4fmRLhD/pMPcWOi3RSiZHYV0FhjehFw8IY9Gw1PyWXMwuJ0uHY0LLwtDQv9H2fDLYhCExBDQtMwhL6lzvFzdM0UrNylGUYinzFhdEIIbpcLsuGJYpRPDPp1h4T0L474P/xAArEAEAAgIBAwMDBAMBAQAAAAABABEhMUEQUWEgcYEwQJFQobHBYNHw4fH/2gAIAQEAAT8Qqa6X1qBLOkzxMLEaoB4xHTVxCMGUMqZlSvoMet9bl+nnrX2uoMvxL+lvonMMMTECPQ+43/hx6N9OYLZcktEvTEvrEWKfa2WsiuSCLdfEa0kzVRnCqYmfqb6amOnHo49F9F6uvqvryfUvvA7fiD30DYrVSu8tqLOJatSoR+hX07l/4azPU6bmaIsEvSiLWlTzKZsYOFPxOYTmEZgRMkTLIpRL1R9GPQ9b6nSuvt1qXLOt/WX0m/TZL6srobEGsPdD4wskLCB2jVdL5jiEntLpphnaIOD8bZ2Qf3FTZ+YizX4jbUabKiu0UNJK6nTn63P6Lf6RfpN9BqQQIN6QziY5UMVCENqg0rlYkcKVTMn1LhDqR+jz6N/RO8X6L1RgQXJMJQcSiKBmezj3i1UB5gz3fvDaD8kRAPfpAGB2OELAK8Kr/SxqoMI7IWByYuPdTfWPWtYTmKG8ztyQgDbxLqkrWe8MhVhvuQbCgw81B8LO5xH7GvRo/UdfcPq3loioC2XB/DmYyW1CxieKYdStRAjCRVexcEVyonQLldNeqoE56vo363H0j6Z0yhFlg1kPO4NhLwQONxN4IbtFeM4inXC8ym3Cf0luKVuI8wYsmpFbRlhWlq/weSLQdLV8wA+yOz/yG6K3Vz/7CmpnkiuoByxxL4uNLDY7/lmHNSVqzX/fEdBsJ0kBOxc1d0uFe1yB/wB+00s11fsb+34/WNUFMFnBmUAqJ2uU8ZnglHEoNRFTOMS2rRj07gzUuouZfS+oTXocS/o8dbqL9lfecg2QLgmEV2lZgICr5iPOBYwf+xllB2d/eMo7itnAbgvi3iO7ts9iKXiD1RtInaOeychi4oO4M5qLTaGHC7xSgG7dRhwPDBhUGDnvAYVBMjzL0B71H6YOyKWoMkVUwU6PNNQZ1Kp6Pq49VzH3V9a9N+sj+kLMVmEnk5lAmnE0QSZYKImIyGdJs91Gf3jHrfRh1uHTme3R395Vy3EyjdRRGgtxqAoOvLLFFXw3LaDmglCKq1/yt/j3g0Gg4i5nM4rplWOldoVRrMqKfMGm53Eq+i4iBRlg7Cl7A094pbIRyrRgz7PaEqxAwyxHyBm5Hx4hgLWVP8Sw2Ne0vKdc3LZZXC5IA4DF8DEubPqDf39v6qSgnvAO8suE1DDUrQSlQYFR4YrWLS1jGNTRqD076VHqFnRh6KuX6TpXrub+gQIWhRM1h7uCcyV2NyhkEGxzARad+YNJ8BtZfvmVAjXEDmXFeqqOlRm/cm2ViFVuFSq+Yul2VVOoABWuDtMuyWuTJKHEMBdMWlC4tA2wBK67QC8qr/ol2B7vH6Pf6wdGARlxmWAYcGYiHaUiJjhBVxlW4KDBIi7Kjv1Ec9b9J6K9DrqfQ19AVajqiFSgnMK2hqW27jdhmW3RB6NMsnmAXZfzAuOcRwWzabZUqyV3lW4mqPmEowcTLmYrFHhzKrbmYrBUsfKZMdxRnmWoDkhpesl5hOnZp4YaH58x+nX6xf3iplSTkdEoM0+8IrMDFyuya9ChuXLcvvMpWYar5lLYPVXWvVr0sJx9iQPZBgtrIRrmBNREy4jlBWMGDRWItr0AgeIWcQWwq6xLNE8TEeZmV3g1rctuNBTy+YpwT4hTUVW43klXNMFiQzjpVWaOZ2p+4nkjPtKmVK/x58/gmSvGMjBBmBWKheU6hjdrNuZc7lCzLFTMBd1CIzaMrpx0IkqpTXoCPS+g9a6M3K+oESX7IJwjeDcXEcyoCRVCLFSyozFSgPgIWgHs5hyKnLtZqW3AStVnNuKMP7QQzfAupiBl4jcd5VLJY+IVFZVHmKMzLPEypVZZeYq5cyyXgxEqppuO6IM1KT2ji7tSqvvFGt1KxEr0V6OI/Rr/AAS/TfViTiN4ojQO4FGYYbl3OImcy3mDTmXjkCPsxMWXvLDN2b9I10r0/M3PeIekvo5mejDzGo9SL6A8QzeFxVg1LjLiwlS8RYy1HLf5H2gGwGnNT4vQqP27wzBFO6wkDjo3Rj87Ha2cWpC27Eol7PMJwPGrgrxMaRIi2XshhYrgC6l5sXojxGKcavU31wXsz3mERjAbnjiJp4wR1DcK286gBHBo85jgHiXiFF86glBUe58PeLZ6317jNfSPWR+wfqX6D6V/XuXLjGNZlpvJKrOZabi1ueSCXmUm9y5c6mVwS0ZumUI7i+gZcddTodGEenPoWHrPQCtEpCMuS4jzFiwySoE030qZMFDnwahSjrZGo2G4LBQ7BU5BedwLVt3BqqKqDeFuDzbuCMEBftEL5Ij5RxUI3hRsWZ6V3M1Hwoir8kxEWo4OcsppPJs1e4RnL7xli7FniIpV01cRJtElU3U0sRgwpncumt+ZdxWMqqdr+YgBT+B3gtFvhi1ekhL636bl/qZH7C/pDTF+AZhjLEJtlKwy3TABzFpp3GcXL1z8y05mGLrXQjqEYuPRrpp6EehuMxGPp16TXRXGCneWgtYzcFUo5SV5gPPQj5jwI32g7LZ7kho7zzAFBr8S/wD32ggBpBlF5L5YWbFMSp7viDdAj3gV3hsM3HArfeAzZEwMa7RA8Bs/75lbYvKuIvaisw8C4ChzAByK92xP7nNqVcuM794M8QiU6zG7EavbKCqtneF1izmLOICwx7xF3mUwYalQGCzllG/7mWy5KE3Yg0Nb8e+P2mvUfRv9KI/oVwimOIwD8kJGFQFbZhu8y+8vvL9Mt5xLVl92yyMvrcuHS/VfW49BqX6L9NV6d4lURxuCZRAgCxXWIy3flxEGxR1SqPGUNIfPGU4NvGAjFYcIQXZiZtoZ3UdC1jQRtC4JVbhlKzysRcKzUZhsNwF3jmIX3jhgfmAGrthrAocBAyWXntKW2cKbj+VBhQU3x2PaKWYDZtor4j44LOXuwWAu0YA4uLVn7Qwu90ZJWI136hcHMwy0lSwGSnh7wAFbyR4f+qJ4bNXSlNfLKsFF+iuhH9Fu5XQfp3+iEU6YtKfxC+3EvC4zPNFwJ32ccW49OZXW/TXXnodb+rXW1t1FmAqoMbfMrM4xGMlzJA7BaU5tCcAusKxiLfENBWMRU1aheJcAH/XDWsLn3l3CalTwIGBHG2AMDmFk7gJVR6P3l73HjMAFoxzIrrGIOa14ghWoU4mpZAvGPaZIWtHIspVUJVbYtLeL7RECrZuMpBACb/8AMRW6BpuJDds21RKNRVB5nmZj/mA7DJXnVf3DBGc72R/uUtAKPc/TV+i/pI1mKAXAG4tj3Ive49FYzmMvpfrqEv01D0H1C1iwTJm0yywBvMFlRvcYpbXYQkFsUFDyiCWkoD8wrjQRaA+ZhxiCUmAVubhgDxz5iMBT4iCmswpm8ahUQGTqEoIK3Bi69oYxw+IjC9d/9wgaK9pwD3LhWKUTzoMwNyrNeEEE4bljai4KlTd0liAVUZeWXIKPJGjBmX8Tsy5cFSnW4YYQSu8rB2lgu+Y7f1V/RH0V0oi9+hMYWy7i9E6V0qV69R9JOet/Qel9DmKoc2y1Rc0QwS4b8S6B+8QLovdIfxEaB7zDdjlnOtnaVmpfRdEDQ9pnTLb7pxjTGMHzBObPYlGwgAbnBuWrExWmpZs06uclF5zAbMuSA5dtTwPxEZYGUSqvMeMpNkuqyHnhO8CuLGNQ48eYlM1UDo1KreiOEXZg94i56Bc1Bbly8e0yficHeGket+436SP62S0t0LLZfeX6SNet6b61Oej6SMD0V10uEnBRDJ53HOZVsEuSLcr2/wDIE5KrBBJN82w2eI2sEaNj8QaGPMrVKI8BOJX/AGgi4gQrBAXuJSw4YlsDcCFi3vCCXi+YBQJfeWDF+fMBsVRmDrodobHPFVEVSveAG68VFYLjS5UeJYWL2IChr5gUb1HfEaJwQG7CrVQjVhDHcqBbiVmGWaKZkZIjp5rEqoXYnDKQaWz5/RX650fRx+j31uXK6X6dzfpI7689D1Vfo16HobgJAeUWNq7EBUaIZhPcbDCiY6z2l/0Si+Jgi2EFB0Q3vg4nBuzCIUbzAULnFV3AHGbmbUDjAOBPywQ1mYTCx1f3RK1qnhi3G5YUy795Z4NfiCRDsgtgWE+14j7OsYQ5iGJs4j94FlFfxDW3HeG/ycy6jTCcOMX2iS4UYo54gA210BixxKebhc3QjHXWZIoqfeLFd6jjH+JH3D0rpz1OnPV9BGG44611OlyuhuOlhjcZXslcxArFhBG4KRSCLTfaUAoD+otJRVEVu7hQAmYAQtfBAUU3gj1o3/EpCjWU/wB9BQN9hfmNgcTW1UGNCIJTd7ILNgZA9pTFgcsGwO0uA2MstRLMZIWZEdM4pYWXgZel/tAFeH+YaDlMcObhWQ9rlLDlmu0sNGtks2pmNGexHiWxXouu0VLkquhMOinSZE3GHo3+qX9zf2V+tejCcy/TXeEqV11HMetypXTnq6lJptMs2JZl1HdqrxMlRXVF6FtPxBWKp/j/ALMsGjD4HeNMmB1Gm9HLHAZxZQviCBoNAy/MVBnVgvxZ+8vNV2I/tiK7MGl/A/zKBrgx83GLFNEq8qrxVkFVmy2ExxeSOFtlYgKlou60RNLuKvExss8QI012WHJN/wBTBpUfEShb+GbNvbtMhT2YL3VeZRa3To4JTUUlurTmpZGluBTuQwxkgUrMd4uYWJpFxRGxkQRizaCgvmOSHKO895XMZXo4/wAK4+346VOPoX6L6nR9PHQ9ImrxCFUtYZRSlGAlW3PkkCflWtahBW/D4iKbrMoy2z2VsDRutQql5zxFqDvAmv5/ljvk0fuTHB1dg9o8GmmysfFM3cQIsYSqgByEeZo4LcvD7w0SjZsn+oIAjkcEs6NubyvYgopt+xFDYNFxGPwEclaeB/LPME3NC6xdRbzZETsTmqN7uJo2O8rBCzioTl13lcje8xHI33ggFd81LBTYaqNjkxTMI1LpKcPIoJ/fxHQrDKaySq5jjmaJZUNx3FLyPovrJuGfpX9GvrX+mV9A6v1eJfQ9DD6Az5LmVfvBT4XHtNKIqzAEoq1umDnlZug94ajZKBJo7DYwaEzlvUSUdazE1rbRav3mG7Ucqv8AZHAyWrH8RXQLxDHcb1FPBYueSABZrY3EuStmwxjbKamULDxYuTJ/shRK1MKiHkP5lwLAX2doAz55LqHvtr/qV9bQDiDurV2JZ2xK1dHeYSgJmo62XswbIMFZeIqWn4mETJfzAsRAp5nFVtXcFkKvNwYCE4K/yi4KpfEV2ItcSjxBxqVbHGyUm4mxvtETZUfsbr6D9c9GI+g/S7jr6Feupz1rpXWpmBj1Pr4lz2gzBKb8SwzxrxKLmWBT8EcHzuOrdxvlmDkspApSS8dlbfaNZ0vaNDivdmY1A+8NV2YoQgzG4bg5FSpITuxTPegdefiMFeLt4nGpzjU2Z4Qktcm7i/ewiwgFJ7R+CjWWAk2IB2OWAi6OCzBLQPITbAEV5HPzEMqiLPMSyjK+JbsMeILjXvBeJcw8QzsafEsZlZZngYK28tV4iLFqGiO9XLYwHQO74ejsmetxo1CkceIDAL5IDLP4Y18xleuvVX2FS/ov1H1aieh+8PUdbl9b6PWvVfovqZ9Br0a6b6OkO8yGrlW1FhqFEVKAY3i9pQC1lgUzlsuJo/8AyJpilLZseJUBAcc+8ML/APuWZV3ygV0DqAwA5ZiWXFbjgY7dFRp5bV/4uEwFPCviIRl94hg22SuPIGpm6m53vcsCyoyuqd0Y63rTIchHraI1/Yiaui8cQhROzumhRL+Bgk8DZ3ggoTtL27zGdlJqYZEpZBXF8TQJX8RAbbjykLpxBZZKsUv/ALzGGjzLrc3uImetwF6jEphvipmoB2ZZBTVw+HZ8QKb42LPjvEMLOIowk16dda+pfrvpX169vonSovouPR+03H1EfWRMdHrrpnpz62B6Nw10v6AwjR47wWfOJQaFVLrXMQUyN1OMFLX4jkhT+PeVgdG/Fe0KsMeEyioPxHZf6IEoitRskWRiESjvH2foaEWrjGRmErZrB+0NjVsS6/EYpw54nsuSFh6bfH3jWA7CkYmALNruGheHMrRPzMYT3ohJbW1mL4KqcynIoOQxl3XPCVcwQCZpM5SUSCBVnVoBsoAG3ay4Zt7SljolUcYuvaIInBBJThIVbt0BljYyDj+zM8JWyOkPjLZaggujfxGFAc4PciFShJZ7jwyo2jzLxWTuIXVIP3hSLKcSmAS+ZchaDdXki9gEeAgHB9iJ8TMtHxj4jJo9B6iPQ9NfQv69y+l/Rv6G/va679B0uYj6nrXSpfpvrcvrcrrUIGcBxFtgpvkmTGPFxWtbhVY9rnKG9Lr+KlcmXCK/uAQZGkFEICHfEVRSuI60ntMX7wtss1TzDCI1f3CVdei3/tiucNqBUoFZ7iWZzxwgsSC3LUxXv23iOCFi5HfvWZZSu7aR7AWFwe9d4YjUFJ5hPocRRRzzARd4gJCsG4AqEbXkjs0hr4gjXRPb8wlbwY5GGUa2ZjZvdMHC4BUDdwzRhdi/ziXqdBp0/lhdAHcexeJnKAsAr4uIBGFAcEEXjECDwjDURSAtEwqm4Gpa+6eGEsDbsOH+4wvC1Mr/AFM8AUJe/I9n/ULZAxNOTHJ/cDFLa90TUcjfvFoOvfEdVQ5os+Sai91/1LFFXxCbnYyjtiu0GfVrrfqPpn6mR39Rh6T6d+u+nPWvoMIWKhBLljBAbOfMq2srQeY5TXhLBmTNp/MEXYcUOK/uUuBVUOPz/qISNVihafmA1JdaB51BIK/M0ZexcHPLIg/FwPdHtKlpcmFJh+YmAsb0qVr+HMIEAUMKD4iJdORmu/4qWuqgklKtKVxcqUoIPm1NKvLvATgaR7R7wJfAzLVviWre8WhoXupW0lkEtSlveEqeS9wPFmbFckDhnIWRVgFNbySqv8oAGVYzEN3WlB+YNq43uj9klhkbNAj5FRR4tRXik/vLBuTgSDhNo+8JO9FWnvKPYZViMawH5YOIBWIwA8sqB3v/AFCU9qaa+YLrCzFxRcBs8zuYaF27QhQKlt2Zv+5VRuxfEFbY7P7GZ55AeTxKgIDpNTPLT3mjxGsrnm4Cw2TBL8x+0r6D+oH0yb1016HprofRGLOfS9NR9ROOhAzRlnsfedVeY8HEvpy4IgQsjDQk0zjqLouZWw4pzmJsvsKwRtja6HEGyvh5hcAMtwou+UWrhfFwJaitJCqZWF5/eY6hzwhRAPd1FClbvcCy6axVdqi4GbNJ7laYXaWwx9k3BGFAFLUoIQAYOTf4gtkZABmZBzqIzCityqCBySvK0e0sBdvmo6ujiEzy3T4iLtREGQsyNNr+IbdviJ0I8MDq8blv2igA1SllPPeHkGA4FZTRxx+cTia0jn/RFAMTIvFw0jZmrhlXGhSKNgUOT5uEqB223yHkl6k4GufPzMrhoji//s28Xc7Lf9P5gtvThxFRaL3NMJotspCaF+SGCle2I6GGDut6PV/wo+0PqvrM+m+l9Qlv632LGYeAgiDVXaS2MGh/EsXtHB76q+eYrplV0Rhed3Wu8xBizxAG437QlVEAoY8xqWl4WYzQ8UNbBzirpHLe/mv5jzhtiZiAH7vj5lrWmMIvmfIjf6jN6XGSfECUnWEzOAeR2wpX0kWecfECj2lCNCkzmo6FYDyOP2lbhuWQEK2CiV2OIOWGAFF7gsDBoqNm88HMINMcTMwORY4p9oeUDjGJblmxj+IYFeQcNw7RDoW/mOpKQPfuazmNVgkEQUp/MVbMkzTdwrQeJSQOHPidq/7u0HqAO3kjNisJemGTRG890/6jeWtKYVYWsl+WVbFzDL0YLdwSqpxeyHwpFucf4/c568ek+w4+gZlLapd3WNeGK8FseMsrF9iXqUKtnmoGFwtTtKxBjSxzJhxf7TCLTa9MxcHaWUjVYZg7jHOW1zLRtvxMgA8VFIUjIMpRn3mwguksmRaVurGABV+VVXyQzCLdt2T53K4wNBh4uAeBFNw9k8ZBI5KhN4ld94DfdS+AMQBVM5EBKZZEt5imonN1qDWwVXzLsHePMsAU4g9ldX3Qv4NFKtwIoHlthUmlLtr/AFKLiaLP++JdKYaU4z3Lor2nM2n7EQVv5lyVJqKLgVm+1h/cdJeZ4N2P9fMbA0uATnkldQbHGDlZLk/EVY24KigXYaO0u/eJTLi3Oet/4Br7Hf1r+gn0N+g6GPVfUGwgTUQn7SzMLZWiHRUOlY1qVvIcBFN7LiULhdW8ZzL0AjphhoPbyupcXSxxi4RZRUZa6sF4iiAjpRGphriDizLYqxu5hjTGByjXiU3YtjoqazjJGERttuVtKmTMNaKcxzbM4e0Q2gLx3jsHuxVF0VuJQRv9kRHOdwktbjA/ZEtcQ17JoxMwNxEGa78TiKd7KMkJ2vMHbIy0f6iUqlBQq/iGFSi0PbkvxFrc0v8Aw9mVmhdK/mC5Bpv/ALctK7bRzF0CNiot7/8AyPrAxnC6v348RjTLPvDwVS2sCG6DFQUZI2PMryI7b1/3+o4ItnfTEq3B/r+pmex/Eygb5mSXfqr9NP0s+vfoejn6Gur1epQd0lovZNZoWnbhApc0PMrTsuXv7RgaF8cH/YjOVUh4hsEKN0amWG6oOIQG3jljirjSWTVneMXt7sQbZ7rKCg5mAjwqFUtbKyEK1CLBj2IFhAO6JQVK88SsGUx5lSotPFalVL8RxYlvwRrGp/mJrq3vFSooBdd5TCfMXJqoTA1GJkqA3KOy1ko/93lJg4Fyl1hV1eL1ME1hZaKyWVTaYvTF80GT7vYgJ+XSWMh57VW88QiQr/IxjSJcUsxh13qLgDk25uvEutWWl8zJETlsiUeQ4u72iEWhHS0OT5G4QlmV+KEDQOpezFkex3dPmU2VWGe0dB2ME1VqseI1XlgsRaags+q/Wr9ZrrX06nH1b9JOfTXpOr0Q8uz/ADMAbcwrUoHcx7xg0HEaVXKr7QnBxrEEAIGUdzJAXcxqg5qW0AfllQWKh+YsRKKU37zQfEoBRO0qCq8RvdFp48FVzFYU8agCD5laaXy1GyoVnMoLljiWANztGthdSsMvIRQTuEor4uIOCpkIZO0UjFEXc+JTaU3zfzBLWtTRY/1EcAwyDsRX6WkZowFOO0xiIhKPL9seIpBDBKdsl4Gy/aHvQrFcc0BCqKb054hosuK28d470VLNWYYIhNGJjlLo4uVGysHOBX+IC4JK8bptmavGlf6jU2c4lNmWg0swTwMYom0dR9FdD/EL+q9K+jfQl+mvVXQLiV1vor8C/iA0wMe8QrQcdKpC93/3zDC7HSz+5WsjYvKod3nfeFOl0YyuQDcKrthHMuVC5q/aGt4I67YZizVZzAqNigtZ94Rqtv5l+5qC1t2DK2FFpuAgxpcIADBo3iGucHmHfMzAx+IalddoEI7rUrY01LIPMEhQ1nEVJVu4e0N5J32x4+QbhfYb6Zehg7NwG7rpS69o8OS2UX+3EY5xbVGW49+JbtP3jE6XQHRFWVovHeK05xOxeflR7BAdo8e0tRtcRbQF78Sx3d5ixYIacN4JzBmTHUfRcr7w9J+m6+mSvsjpUvqnb0b6bg1111G1Th+Umbt1ku4Mx2ysVq0EQBuxfvDxgNOAf+Y+BdBKWSj5x/3EUlray37R2W2ykMxjyzHbTxBBa2YjQzFAtM43Fsqk73AIWk7RMhiCDXY2XEGXs7SjfyITPP8AEQgsZXnEWPzCBW1mML8MrTvKi1yQGTKIAsxqaviJ0FnaGHRkxVy6tuQz/qDCZehk+LjN4wVx+IMBHCKssYJhgDY8SggrV+eZcNJTtHFGyCzBAZN1FULFFaMmvzcEb52wkFtZVVgf35hNqNYqLdxelXDtGcysR9AXE6n1OOl+mo/Y1+i3N+h646V6t/R19E6PWvVxHrddrb8krQH8wL054lsllny/8ygA3fG4Ct6LX+TO4isLzXZ/PxDCzY2d1/xHKOPBHuN2ort3mNQdBiDZRwsagGCgXPvFd03URknhuCF6eIKJwZO8LJbCUsC3uQ7rkuoisO7cfWpxmLry8z/cE3glJf2g1yV7wZZY1KzorQQ1yIwFfeBqQDAFl07g3AL2Jhh6jbaUEyM2pfwf6/EABKO5r5r+yIDp3dkpAAtSAS1hgIEB3v8AqUF5MgrzzN0JrTH4WCoscuhfaJ5wi3u/H7zK614Y6lUrB2j3HLeYliaIMWENzeXLm/Qeh6bj93f2t/ZVj6G/sr9D9Ljqesj1RcYKX8z4mWpzLTWu7+8dQ0GDe4FMhM0xiC2X5IN0d5Swrzb5iN2DEFCUdvM1AoWU6jZYI9VdEoRGiAQi/MURAIaC7EXmcM2FkcXOAU8RJo/zCr/gXLET8wF/vIZqx7wMFnYsSuWKa1QS2tfmGFrMS2WGMkkzKsbxiXKlOnmWwIa0QNQAMpFDzI59zTEUt3FB90IVKLYIf7huHLAJASlXPzBRS10ruGBafL2gYApoMVC/jsMfgBXmZlu0/vFipuMYS4r9e/8AAbxX0L+5uV6j0Hqv0EYWr3tgBgr24ipUpjpeA/P/AIiShDeM3cFcNNVV8al3QRDR/wBmLbrdy9WhQCVqjFxohv3lFRalrzK7hWJlBj9oiGVXMq+V2OZbGt3TYW1LaWLpAsF3mY7HO5uDLzWo5qBcSMWu6YY3XiUuGfMAzwhhq57xkeFw6GxMMAr0waXnyYTmCqyWDipzB8RVUtXjtFYW+LgThV/vHmI7cB5PeBalDTFopeTT7w8QDDX9wIUqW+ZQHnleZQOrPJnsjHcHaMYNEX/Fnpf2t9H6e+uulSpXSupuPdyj4tjF6HFREQxmoDjaE9r/ANzUAarJfyQVoArkuEBpbuJZw9oTYAa95jwc29pads7qFqU2QbZTm+8riQJyblflbriBGleazUB1FdtTEEvN+0T5Q7GzBNFexH37ZhadjtAxADUVbgO0YV2nPVAW2UIXMi1MpEbp5gghE4nngvE27ntGsurx8Q2SovUVPaOfmOilrxMByLLlBhd9pdOe9uvL3laCjuPHiCyzPtGKBXDyR9QMX4lQyuDlLLPtHMW1PhzHfmXW8kLL/dNEQtrUX7jj6G/8BOpK6V9hX0rlx6nS0Abt+7AYg71HHNNYlS3Ss3z/ANcYJFlm/wDyKy0Uq+VmBVF5o1FV0GUbJWwuQ13hUdqnzLMDf7xAbO5u5l9uI0tbMnKDdlfxEOQ2yd4VbCrYUO0srBVX5i1XO0XVbS8DHMbZ/EKoKMvAWo1uJhaGs7lg8goIEuq2xQlK4hBKwwQovEvdpWTxGAWt92pcL2us5gAp2bMS6Cx394g71mYGxMQoWwEEBouvMsNWczGNheICsNGFiFUKlje5X/CcbjRHoEhpxoa3MuUKTfp16CP3Z+pXHqy/oX1v6/HpfRfp5ldCOHLB8lqwnn7ym6o1ovw3qHKBfHg+JVNQG6YGeFaPmLYMvfFyjLXQY7GW8TvC3lMsSv5MzXmMtRjiY5JYGDGoV6NqNka/hMJGoW29EdBV1omoOuZaBEFeAyigDcrStRh0bDE+li4B018ENA+STCLHGkISDdcxBrU04imIeeJjzZXeYClvaLcul12jbBRnki2AJyMVpTkRyKp8cSzPHaKiGLwxEEsMxeWC5U1NvmKddXr2KmxElNSiqITV+fjiNVuSpe5kor9x6L69/f3+oV1v6L9R+rXU9fHQabnJ4hekKf4hKNl8+JSgcdotF1S1+P8AeIa7/wAj/qhINU9r/wCxGu9rh4lg7n7ys7U2xs06VNZYLHTUHiFCjvCUnkV7RhsWEYRgjx7MylJcUALyjLQC57xt4dkCc3GkZwYPzAwEd4CIe+42OwSgl+Iq5N9otE9k1CwQcRwhzcHVTwlkEZle24Xmw2mpkrmDRbswSlLseZYYpOHmVbHbEdL4/eM1jhFavz5mZGzELFcAVzdS2smK3MqnuvECtlqHSg4yGUP/AK/iMEd3EABazthCyoWn/G8fa19S5X1kRM9nhhGkrGruKPS2viNXg0W1fiLjjeb5lVagoUgwXtLthu2XbtDX/aYIUf7iF/JDDZShLkcGuYx9jF8xCwjVSueB4jC3tRjWMzkgmC2xQqiat1H5UZLcpQ8GoA9rbpmD2HZPzGMgvTFyZbTWyUSuNeZitK7srjDygvxOYXG7LVd5WXfzKcvZZKVNIzTuZbR7xawjeYACrvlsJvvL4W29kwNYV26o3UQwQSpgLQIL1Wvif/kdll+6YnsNRRTTqAvGutfQqb+xqPqNQWBWN8T92AiV+q39c6P0OPr8eolcqjvMuCUrx/7LGTIW2Lz+3aWpAGh3OYpUg37JsmOy5lQOe8bQXRErLLySxKNhfeM3cOJUolwCi5vFxwScpYC75CW7M7Jbp9Lqrlk7Q1zNYG1wP5DQPaUCqDbbvK8XMfHMo1HkLjkA4oq/iLVRd7J2SFv7T3/qCoFeEgikLzEA4YdlGcXFGpmUrwdRmNHiPRo7zJVvgh7JHCxb5H9okAk0mmHQgdY3LMrXnzNYzUtCsniZV0MQDsFlOkRU2Rs0vf8Acx5Go3pof+7y25Zj1P3lQS4juV5rUPVQ9oCXeeYqF0VEtnabENr6jmgpE+lX6a/SD6l+njpmP0iPQlCQrblBXxv32RzyrRejz/cxJsPLNd39vzDIEouISOGe7mKwa25eCWFcuiXp0nmEDSN5alAh+dQouBiXwGmG4Owwkgww7RdytlF49pgRgbu54HLFilUviBiMrzqoYK8SV4Yr8zIjJoiDFa23GU8bAT/cB9+g9jM4YC/Hh7QAAtDD6TfIxtNQ2Qp7wjEbWPeBQdotWRWYyjPHtANs1zCJwO0AoKhcrKvu/lGWjDEA5XbNpVD0pb/r8wyOWjhy/onO8Wo5D/cUf+xW/oBHK9kJZCTmpUO/eYwyG6jdAdqmKsxCpDpcpwPmBEBROY5ClUn6rcv6PH0n1MuL0vqei5v14qyhWintMa/piroV4CiuTu5/ETdBoShVr5iKipVpdsMJh3d/9mKSzoMQ8og7OCXBs5ozBllKXvMMbN3mUIB9paHIy9FuMxyHKaiKC3y8TNsI1DIy1VDL8QK7x7vDxiVByQ4I0jfaMa2EuhYnEFCsMmDuy9+IgheILm7VOYtYs24l+Hh8QOi7A4pjJYp+YaTVWQt38hgwFl7/ALgKrdldmEtl3+SVBPaSqOSJrRrVL/aVCvdfEuHDAlpRSnF0by+MV7pMOJAeVH8xQFla/wCd/wCIVEseLuLccfbceuoAXPYlKqXxAqLfM3aTuRDUc1KnSO3cbQxB0+Y47ygAsfmUdYe8AqBRD1S6f4WR+jcPpV0FQDFqQTRa/wCv2hODJSC4B4/7iFlcurS7/wDIAcDN3yi04NN9ojxAb5RWWd8JKm+6NQxSb8xhXvncuyNP5I0wK6loOPiAS8yyTzuY2UG4gLJxALyOppVJB3PjvFbll/tDipjkWVlmtDLIzBWqI3VftE5qcsRVAomEwwrVKO+ISUjMTSNpGcKwDcqzDzHMydVjAYWH5RYpbs5hlI0PebwRdVMnY3uMSVdoTsFHvG6sDthGNrHgZVfzeNVGwubL494wGzkMwkXVnu4/uK/enUMYMDwyzmO5cBgvaGEKhqzHtTGdrqU22Zm3AfHLgLW9z3DzCZdX5lwcIDqx2/VH61+o+hXT5+lXo+ZjpukM4oCl6rvX+5mHyUUC1kf7lKV0K7fNQzQWZGK/+RC01eEIENgqxELkHhihfstxOCVALTLOwuOI8j83E1y3ECNQB8GfeOZINasSoLQEw5a3KnYzMe2e0AoydmFUPcnEKNZgPZ4mSwPaMnK8xCjBvlEYppfEHHJDLl3ePaDE4S8QaWgkfDnGsagZTR2iArr3lgLM1uNQcG2VsFUjJTn3bg7EGS5H/rzC4w88cq/imf6QE87+Du/93ioalRvR+wcet+1RAFxKJ2PMSjfbEIEDxO4zKBFqZnOZ5Y10zAkKU4S5fq8kfN6gBS+8BwJcyY1ySvMbt1WIuVK3B/Tn7q+lfQqPpevz6SDeIw5gPJm/ncUKeLtPftKZELyBo8waZVsIUPxAA8CntKi6h25IACod7zDRBzi5YLRb+02ljuQ5O2KYABR4jAQuHK5JVqoxJHYwVQViW6794VEp8EHQOTJxM+JB1H/aDbVfjcQ1WcYluHxGbktZvMT2AIsvrRTB1hznMvXMCGnhhNXDGWAQaeYwi1cjj2giC2e+GEwAZ4qC23WkJeRLnE3sNQxcU2+PEW1hlnxLokOHcvAecx8hQQ9LrR2mm4gqt4OCDDtJeWPRafj6r9Woae34la/OYCGUbhVQ1DbZeU4SWpHM4SmJtqVKXDxEaCuJbW6xGLNRRwxI2iPvFcx1l/UN/W16rl/Yb639I6KWMAUezX/ycGTOXxt+YwCorUM3nEotXyGYQtbVULuFAC0pHGPeIgaOcZtlK7GJZBCUV5l+ypb7Ihwlw0GqxqGdIwdfCSoHlBIKqOFBhQpmCkKVb7wm1FkBlR3hbJhNEoYsERhwttrcuAF5qGmMorcQWZgfy94CIFB2QiyXlFj0lK4OWFDAW9yO7gOlftN8P2PeYg0u3PmLhRy+8d5x4vMzlDC5fO5jsqkcK2ftUf3C194zCHQaf/J90AArGxBR26mogCB4g29RIWa7w33EokYRYjGIW8aWL95gsI65fe4FuLuZbFeYrvLhH/FNeg6c/QZRTkFVjgo/3FQaGjuRRduy/wCoai9gId+8MAc1MEC3mKUFTmKKgPEYbcFRODZlI3xCWloviIC2pWpC81tjbyu8tK0SoUL0uXBRnvLZC4RxYHwf7hYOCXsFS4bFuC5pUAYAsISObYgW/Mqm6dkIJiu8RtVq43LAFwAzDAG15/iCfnHgJUKJQObi1ukd2xWSgzeIZYYV+/8A2Idzwo7TJPd0RTJkMQTw0PIRBS7PKtw+2qGEj2Jb03iVoLvMDDPNS9qLsqDve24JpYERHEOmYh76vMAAhFsjLKwC5dLf1XX6Mzj1X6qwNWpt5thpqhpHZFSwsuMVluBf8zMLKViVNi2xcBETktyhqWuPOX1Yq7g+7iUAG+w6mMVsZD+yWsX+I1l/9lArJKbRiZC8auCSIrJTNQGLrkjoUXmu0KgJ5IqJVdYlCFjlnNEH6MHEUFce0AVr5l0AkUyhdXRN3XLtfmG0FYKmRYbN8y6tp4H/AHHSdOby+8S2UuS+JgjoX4ag3PFtYikLQ5nC8v5f+YRGsKtOj5f4+2BXBDpSeUgZf8wlbJAgh7T4uiZTuRctftFme8EGEPmbjIPfmDZX5jrmWcxnUR5/wK/sdfbEVMLxlEz7VA3ODwk+JULZ5uEF2w2iqCHHDW4lEAUt9pqFvabovk8R7trxUuCttHrIJ3l4tc1GkFmbDd7uUS8JsheYnCy1KjiGtsaicsxsYzByNETanUXdfeAfiBYe0b50JSvErujHaW+agKsZ5Yp4sn4IGz0OXj2hICGE67r2hjJtnf8AoiKtsb+Iiwn9CHdKN7tf9RFIoo1KVGlyx5ak5bgH8xUCrPnj7GpXQF0QytfNR1NaZbIeWTlICoYisiTPaWkpUuNdsUC3ZxDTCILY4biG2Ylagncv0xTtl/Z8ek/QOPuT699L+h7RgC2k75lcir4uKb5HJ8YqZtXkJaNQO2SFqWXDIJSilfMZUb4qWKDnJctb2GyPcAeIJRcRM0DcUvyuahk28wTXrdxo7dnMomrA5DHMACohc5BAXv8AMAeA3TKyzP8AMbJuDSimMra094yad/EAZXWJkqMqrU5mDK3MtIcPdAoPensTOgP6ggW3Fxemha94J+z7R2/L/BN1RFFis4HcejLT8j5fpP0S2C008sv7redQAYPEoQCUYl8JrD2jSnEHJYJdS2zCIkHDGVzZAECQ3Gnf+Fn19db68TH0yNjlJ+AsfIN0kTFkJxv3P/ajWqkt5x8EPaHtBppxB7wcMTGH8QTa3coVA1KGMl8v7wjdr+ohVBLhPLyj3Nj3cExnb4IiwWMS0Q9pbaLRhBCLlzCAdzeSWgIc2w7oLkOIhAoaWbqTAQZddsGGueHVcS7AvvK3RcEaqDNd46umuGYYH3SIq0dh/cGEVu4O8W2rsmPxK1yHfmOl0fmCQ6JHdVMTiAXfmWrJhbAgEhwXIMg+7/Hn0v1KjoBV7RIXHKRGK/dDq45qAwAeCXMuyLetkxpFayVB7wBW4SOY9nmMbmUKtbZfYoza/wCMc/Qr6wuLRMJT2v8A8uI2EPYmgP4ZyLRvEpSKNt+Ydjs8TnzLzcKNxR/aYRtIZqnWhxKHWIgiQOTPiULd/mUkllLA+xDXDLnCF5dQRyUaQ2hhNwzejRFeB7R5qtSEvq51yywINQtIfZ3iYMG4tAS63CqjmArVYwBRqC3Y8OWCwq5OyZHOMLjisB5iOW8IMb9ghzlTbtR/Q/uR8NX8O0uBxbIe/wAxhwKFq+m/pkXujtlszbMIhVrEPwl9Mw5xrOJxMDLZCFuSZxgkFFEmwRXzMJcgFWXea3ZC0eISo3z+vc9Nx+nX2VTfpPp5THBKTL5QP9soZ/HELaGfHb/sQaZB5z/3eWKqsXr/AL/rhKyVxO2RpDG5UUNQBuMMsGXd/M41q4YqwMEjq7x7M5Aw2AO0dXSpnMT0m6bRyLaYtlKbctqQvPE08M9iG00DZqCotVaS0UtmGNtqbDaaipObyzQAlZg2Wn946yqO8TNN+IpTiyVi5oGmb4I2EN4HPAVAsuw0+V7cewQ5Lhb5oFeYuBVqbV6X9YFUGYmO+YNrvMVVWIxRNszV8zAmgsF6czvpYxqL1JCJWHUoVziyYTAxr6lPNDqGE8Zupe3V52iit20lR0XJ/K0rZ+vEfvz1X9AIzoLUEId3PMcuccQNNh2m9BZx7xsmS2FtjUBoqZLLzAO54PiWJsYtczaLD6MrVyVLQAdmUKHCXGGp5GBSxe+0oXXKYbW9d5aMhbcVFy9sOovTnMEgrzFFGQyoso3LwUP8QDt2O8vKu+oayQ/iONg2W5ojUFlXEsaGlX9pXGkAbN1LH+KrQFXHlyA3ot+9e/r5+juWMLwgAm5a5j7QqZlYhjkUbUxB8GCpWoZFXOReUVdJUVxW8jxMIo+I7JY7NTTDb4HiMRG/MGiY9obhvwLsMeDGVtpH9E19ufodel9ZBcU3vtLa1jzCCUIz4hhEtaLKmdt0xq8UF0czhiMnXPMLb5ziLHmZRmHMuGtxEgWO40nMQxErGWKkvFk5q5Rpwc+YwdRS6iWULHNMMVGrxE3KOHEqRV9o638CZYQ7ytox3lPZa8M7w8DUoIHsc1CAVKZ/uCkKAW3nx+8cb9AsPmoAMbXvXnmYfAPYaJ7xAY+xCqS8wIK1y9piSs3xGwi59oIAsADBSMyoxBLLgAfsxdWIXFCJ0TTJxCYJD5lcPwgYXShEF2pUpW7jVOQyo1eps/wTnqfoZGAFVoIDBntSyUy8ERUWF07hFJsLwxrjxWpZ4XzzmHMsDyPaYJT5l1zKs3mGlYl3ELBjpxApio44gpCDd+Jke3ZDW4Hsfa4tMCiklTdym9QARptJmqqYGpTXC3BopRsJmBZe4rAIuqaf4icOZrAgEIoO3D2IQiKuWVcfiDay4Gzg9j18fTYRlYNJ8L5mETIXLJeb1AYuHfurhhyl3mXQbgPJApmDUMqGYWYBzBsJQi6zv7cZEG+kRYFkowiEF3/FDYdn9VfVcronrr6L6d9CP0npZuNYhKJUqVAzMoYx5ZUJjBq5iOQax2iWK73nUxQz1CVLukuNL2drNzk1L38TAc/iIwO0WrGE56lhnMy4gxpMdKSo24itZlzUvgHvLxa7ylAQg4DhmuY4ChY0xgC+SUgBvWOPMEDWLfMYQSpgCPfOWftLtxRGxLMH8sRBXsoqj5/aeMZOw8xGSq5VlR6k1LlfRrMfABglBRL1x0FIsLjqiMFTcwpEXaVZi7og3MDDETM1x9pwXMUl+YUENQm8ROpqNVEzBAtuAJpT6K/VeOly/VX2z6zoWZjUY7l9LlzExbl7QyQKFcxnb8RUsBWAuQvnnEbZld1L8lmD2jpKX7xbbYlYCLTHhKPMocS/nMffM3zC+IMzaiTmai2S4U4gbWFAFnDBQsy0OYOBTeOEJVU2zGy2Wrh95YYd6Ywqvl3FYG5dXqPCUckcVzLYqXcL4gi5diGBYuQnLLl+i30X9BzOWMCZEWpdC7JfK4IrKYdXKGjiVCfMvViLWIxHKtjUtmqWgYDtASljJIFwtBW0sMkbMQsPzDirEW30X67/AFU+q9X7Gg6cekKnawwYvtgXOGotd7il2RbKouYqGvaGFypGxrvGtrWP+ImsflDS83L7xRjpuXwne5ThKJRiDMSJmOZUuX7wFg1cJWzRFsS3cuFlYIEMRxWbiDnV6mqEa7QiLKw1iAZopLGlMrwR/eX1X6q9RnE01GYgA1Exc1pUrEWiChAbVKDHEG9QgyjFQTMvdHxKs1FZUfG4YI7m4aMXsQajBkDOP5i34xHZl4eJZO5r/Gd/Qubi3DokFPQwarLK5e2LMTcqqFiilXLdWmrjVLQ7zJlXxKhLQYV0xPaGzancoKA8iWG7/EN5IxmSKnEylTCpZFbEzEjFSpUqBF3llmYrMs14gXmCD3b7Rlw+8REUAfbgA85/E5+zbilwetMtTXZK6CcRBRiUE1UsShA3Q85kTiOlySloAjBEWDMamL+IwQmLlFqgORUtk0ZlnRC7eXeEyN8eI1QuTbCsrBX67x6ePQ/Rv7Gya6MIQYgYucvBK3Xl3QkN4CtVHXmKbeHeBBaHmrgD2vvzCL3LszDRV0y7iCihiHcFD7xaXoXM4g0wy30vQLMVKiSitTebQgpGHQkVHdl8sI0pp8E0C9ocRc8UCuho9fP06gNLbBQLF+0CjRKeJTxmGjMTkizmKEhHMjDG2zN8dbgxFUK3ctmCHZZABiDDg1yTZS0R/Eewh2kBGQgftEj3OP12/sK8+nHofo2QKwSn0EdS9BUxEppTsE7y/EBUvEBYzEwSkmPEeTYbIRY9gd4mVa/HMarl2gJgxCt7F95aLEHeYRyua6FOJcJvMWDB9FQymUPCYgUr1gZplDQYLqX4DOmqxHLUFfuPzr8x39jUUBlZnBbtKFKh3AJh1CGmFtxYxAQzEGsQSVGK1lzK4UbhUhCcQwNQii4CGZWjsxMw6SpUDvCQxqAgAR8/rW4Tn0X9I9GvsAVgBCX0rFx6EckJLJQcO9yy4EcjxHu67QK7IZcCy0dpczhtyMdc28y7CVjhY4MNrA390YP5OYW4lxygplSvQw3DpZDcEBtXMEsFhlivceZYpC2JS8fGIJOBwwLUU7PECgA2rwVFZIqvxwPoY+kRVbFgW0BiI34lFmS4eoyO8FkFLGpiKm8jK1EXco81LOEslx2CdxMDMPHKCpcCDMKiCrEWpUS9Bxg0OC/WibejNSofW36b9FdUgR7RXMAY6+eupUIRJbKru/l29p+TtBDxEGuO8racygvtGq4zpINszYF95gAt3zOxT4lbGXtiUKIm4MSyD0MqZg1BhmOBpb8RBKw7R/eAMCtuoCoBnGo+Qy5qpqwVww7lRXPEddbO/mHwEhhBr8t/iXKj0vozX0zYu2AzRSqjtKtf/YLMUtUlsTDE3mCSpSZi6R4KZQIHzN+hwXFpTFpwmNmUBbO/i+cUuuGFuE8/ulJsC45ZtDt9mR/UD1X6L639HcGmOWeHTfSpUrrXVhXy2134vvC6vi3xClp7wFa3ChvPkgEpHuRix/8AZkp32lmjjtKEzLHKKYhHMuWRxGolkSmPpqDTUHY0rsynBA0MaHBo2H4zGUBXNGiUalXjH+olKJYO3tEZB8FR0o15ETFAW4xzEyBVDwcH7dCeY56EfphbENFZQqAAGu0Is5iGsQvsgqBZfHTZxcOIoVcv5xCplYlzK5gFupQXCRriB8o0RY2aIkKZjXcQLf3mdIS6jjzHcYHIzEKcpGRW1/wY+px6BdpaB5ZVBDiLLg5m+jOOtSutRJahSJpg1swCtUhJAEhsQ1BHUs7EVwMrqKuTtL24I4yZO8BWItwGklompV3K8yziJXQgQyygU2/tErcLu+0MU1YDWJYMZ5KzGM5ttozEKOyVjMRxRfDg+JdRK17kFiQaC/5ILZqmzmJSieByIS/guLm+j9eo0RLgbo7gkqdqNiXuagWjLEX2CZnaBwIrSxBOIJ7zjGXu5fl4jcogqO8wDiWMS4d2hoEBB0hHg6wVESjwkQuuUjtLX7C/oV+p16qWXZ8EO5lDzKnBKiFLplvpZdiVCZhHpXoei4FWJxGIqKvj2y17ys03G5UmIFBGhrOyAYSzZk1iBamu0E7ShzEWQqI/ijiXEuJUB7S6ZZoGMRLa+Y7AByCd0BwwUrk9u8Emw2tmAjPI02B/eC6KwiLv37Q+gKdbD27wIWHcNvaNNvTDRNea0RMrPPyqCvAvzOfodXH06hIrWLmZ1iVWJUQVdkWNPshtVTlSALiZyalVYl5qAI6YlkJVsxNYhs10ysKmSNlF3CAgFlgU3KToVENG8zDiPaNFA3WZXMcWtvsTrX6Px9HXq3AWWnugO8POyrYjHEzLzL6XLmUxEGV6LRuKzrU1K6VK6JE6CHUWJxCFALbCHg4S953q5Yeea4lLUBut9mJpaAnaFKcwklKYgt3jLUS5VQsw9Id4FicytzdeIQbdwXJJsP5lOAFpBZLts7Ml/wCyycBDD2L7z3qQcAc+GFYcKciaQx5/4JTK1wcQB26p4KZWlYldIAfkBhkmwahuViY6H0DoCmqtBH8TvMwDBiCFEpGiVNTvm/H5iaMQB3jCyEwcZXuVArERagezCD2l85ItYILBUxVUXDUQzcKbMYWCS2B707KPMbKgaVVScTYuF8f4FroehICZ9NwlxZcuDLl9bllegYlibLPXx6KqMBIgyJxEQAxfH/qXWPkh7rZUwYWsXKsMJzwwoLUqrSmUDUXtnjEyZzGraKv2CZwkNVUrBNPeVWhaF5iiJkiCPacDdQBm0hFB2WEdBWxsayRADmsoS+ezETW4pE8fMEDuOVT7HvCCVumlHb3IZQh5KK+YYINtjgJekDsa/EEzLA4LF07FvxFLfMcqzMdeOlS4HrC+jRK5BfMvEAGiWmpRpKRJVY1KG4GYAYML9sS6NLVEYa2QDMQssPRBzZRERRCXMEEKTiAOSVuZWZQEQ2qwRjquPmbGJQ0UPt69J0f0G4+oTNplly5c31qJ6rly/QS8dKjD5dK68S5n0pcToqAWnkeIKHsyEVgeanahWI+9JzURKiq9t5ly+GKC9eGIHAPkMtDbMzCUBWl1We8AiKqPEwjoqn3qZEjWrvxHxiXibY5mZKsrCrgqQcHIVph0CNKrLx4iZT5GyuyTBFXcx/8AYxlaDNYJs1aciu8IxQwFafPiJ91HQlRrwUfnpkjEhAyh9FekL6KRIOcJ2nCVgVidjeZRFEoXzGxy63MX2lrYFpqWCoRbZUQeUNtLjLBgLcPG7+ZfzBG4k1cF5uMdwnnUEdwRMwrItBtKnMAWZotxBA7TsNomut9ePovrv0367+2PpHS3c0Yl+m5cuMqV9AZqXL6FR1EuUYZVzPo46OOm+vM043DQcNZ7nmZVCsM2G07vMuIZtEFrJC1Uo5z3h2ALrcAjvKsrivzHEFdt/j/Ufh2Qs1sPveo4SgEv+YDYY0xLwJH84yYC0nJxHNdYxVfjs4hgLXfkrZMAQAXQfPmBEjQmD5YO9iOG24xxTfd5i05HY7IhvWB7IYw0E3Vn9lxwKDSPDNR9KUSn1VC0plSoxIKRE5jqFYFh6myChGBVEvbc+8EmOguylHE2TJ4hwAzcdtQcrMW4LlKPZMe35ibysQLqgOLuK5glwuYRKYC3uO0MGkLoZcph59WMMfsAv9TIcno+p6jB6JE61K63LxNz5h0qJBcoFw4lRXXWTqHoUwAiI2I5GGCCWwDwfZ+YGBeRwuNN/G1MhoOI2VZ7BBrcIAEj4lxPeVwc5mBsuxklOCa+JURvJ5SlCiKLmKpNXnHMLtP+pULmdJKgam7gIXtcPZCdrb4zkd94gWuuovuCcMEIFXJa9jDlVc1eymOy8K34Ym/5g/8AMY8S7LhoZhI7tZQMPv7RO/QxZ6WZIzXTmcyyFOl9HfRigoljFxF0LDS7zORKzUuLClgTBB2GYUQUTK4CxrlYI2SwhLCwXEzFxVw1HUWFW1zMIpGkigFmPmFFizC5ELVQZDWtxYVtwfYjX6UdK6PoBYA8x9TDrz1Jz0SMHonW4OYMvoeZUcRLg/Mgu8RtqB6HoFRoMTcIs5ilkWBpGZ20Joqft/KC3fZHEsMYVcKgo3l494ezbgq/cM3LhkrcdrUY5r3gFHchv5iw6du0zrVJx3hHY7RMRBZs9sSwqAtA4j9OUsO09sdK4895WGijdB294wAza8e4Q3Eu1IndL3HthYOj/uMXEra5s9u8bNzyxRBVvJ3KsreJYPGIMtgVyRbjlPutRy6A4OnCidckKeg9JRwjeIZqtMsQHsS5aaixLM13KFEd4tpuNYqJd1cBSKmqmFKlLuFdxVcsOSJ5xgxGHLH3bctCsShaFNrjzDcVjmdhIxFJNuI/Sf0wj6KlS/RxAtqBSPqYw9Q5m+hEiQxGJ2idCDBg30vpXTkIihJTFExNkpixYvoIKCKI4YVM6xmIo7j4SKimCqFjulP5K8ywYzNL5dB7swg2DYfxhgwAbQ694w0BC00s5QGa7/JAyTk2T3S0YKGKcMsKkHNHEy2kX5CINOBiklILMgdfMatbPZhoAQwFJ4SWlaLE1DXwH/yAUopxzBZCr4dRAwTtg2Ad0vHGJSi8YlT0SF75lDFUUuHmZbIkywpPErqS+lRjHrCXC9lW4RziRvDqJb4ihxcTgJAEDjEB4g1wpshDAUbYppgt1FxjdFwWjAcJUM1F4iFcqAG+OY1lFIvCixzNep+9v0P3B1OLj6ah1PUS5eIOOiwJUSJEzGXBg9oM89OOjEeEvxDoD2ReldHruDBhjMsWHqsVXetbIJiIQYDbZi/gilZwl9KWqWfkJSWamwcxTDb8ahfsJARMVyrJEQvbZYH47Spwg4OPMAWO9aSOROy8mI4KCmaz+YZvwwZuBc5O7z/ojYFbrOGaiuyo+QZaCOAp8o5pws1DUFmAEpBA/DuobWpqURdAlSxcqmPQ6V0uGWESJKqOuFXBRKCy4Aku4laZmyRxKizg/EMXUELUTenUoCvzOQzAGUsVP4iDJ+YHtn2lKYcQKxFZghWaLmQMDvEkI9qUo9Crj6agdOPvUlSvuH0C/WTn1PquXK9DGJKhiDUGD0NyuhWcTCkldMMPPWrmt9A6DUQ1c2msfmGHEdsi2gN7s06ImVUqIe3Ki8Ue8w0KVAewa+RlmgeCFWSg55g0TWu8ByLpiKjRrMfIzkEqU2TNb5geUFcxawJ4Z8p0zAh7Zj0Z1CQDbCVytHoHL5exGBvI7sEohiUQly+oTjrXQhvo5iRwx7eRZcS6qC/eJbl2KzG4zBCBm2YsxNWmb22cbiUcRFQLKIAdQgYcMyEMxUjlx98zibOSX0U0eqvoPSuldd+mvrvor6++rLl9CBR6OfRfqfQQzKlSpUq5XQwwkzM10GXDpsiSkYpBsvpcvrz1voMGmJQlX7RJVSrYGYZEaSZtDyaM1ybdB+JvntoUHbNd2Fh6gjTzC3E8vEW3IODh7QVBTydviUaJ8JRWlbdxoWIEvyU94FWA4NVXmaY6c87UNzK1Xsni0ftBHZVn5xaD8Mdu12ixzuYp+JEqFsFEuOuh1a9J1eloxeF0PaF5sQd1K1R1fRXtTgIhyEBgAXBxMMFGYHNQoVrJQauF2xWMY7y41AlC5dveL6D6vHS/oL0x9LfV9Fx+v8erbpf2N1Ll3LqDLg9Xo2jTqMGEHpWIkeyUQRPRpl+ncrOYUYpSMNNNWwycJ4iVXRRqCjuVWEASQcWU/NeJWzMJn5qie2ZsjCvN9sXLsk2vgu6bt/EDPTSVj8wB5NMvkA/mLudvIw/P9I+GhVN/IH95hyKqnfhZltYQNQGNol4JUVLGpTL9dZmnrv0OTowSscykQ3CsL4q7ypud0QElRgQQkOYQu8y5VkodxcNk0v3uCIOZau5yj8wLmNos94gVc3NsT1V6n6B6QifUuXL+0uX1vrtL9FfVroErv0JmEJcMypUEo6agwZc4lxJUSIOYIPQw616BqFMaNqmDWrycweyPtKHHMYqWSpTGnMrMKrcxLgLAIM4Ja0wSnv4xHWLvKGLtlVL6PSvSn0UxKzFhZAkQ0GIvmDXGyUEvEDLcpvaV3nJFA2gcogbe/eZmqx+UZ2rm6G2MY7iSrRFl6CfdkI/fH0hiX0uXL6a+pcvpiugSpcuDNwYlxjliV1IMJUSVG0tWIUSsSokqV08y5fvFl8wYPeDWNkxzFzEXQ9zmFO5RhVcSpaZcSsSs3l95XfECHaAuQWo4Moe8p7ocAvvElJXbrUqVAldLx1YnofQxIx7QrhmHKAly6xYk2S58CYCuUBvMYcMa7RsK2opdxbzMG5Yy7/wSvRWIwej04h9a7ly5b0IlwZcHvBhBLJQwalwgy+tRMTKxLz06euuhroMGscR4INtwggCRRsqvMowkqmSBuwfMXg/EaNr4mT/AgvAQvt+xiVcRAjSLcHpx0qHS+jOZfRx0uPqqO4NUXyRvLB+JQiVVysC0TNsU2xb0e6UjDC/a3X3PPqvrXrfU+kM9K9FSpXouXLlxZcuX1v0p0qVUuXCLslxCMaYOYOYSpVdKiTKlu4xlSokqVEhiX0GKWLEJco3AGnTBSl/Mr3fzPHc8BADU10WMLLzLgy4dL6VKiRxKvqypUfU9NNwyv5x6KojgVtj0Fei5fRfsq+iR9Z9A+549Fy5t9G5fS/TXovpcvqMvrXpwynRqoYgwjUOiRLlOUvh6qjiDLCYRcxQYNuNyseKFm+IOOyVJ9ml/qKwR6eYsWWy4vSpXUZcITiVEjiXDpUrE30fRUYxjKzcrakiZbL6X9lfQjD36nTjqeiuj9XX3jBDpXoupcvrUqVKldKlSvoEOldS8XKTiXFxEjhig9K6uYkysSh13NdXoyyLBl1LjiE2TOeUp0lvYv3x+Js6Ny5iESLLgdKlV1IQYdGCPS4TfTmPovFdGPS/VP0npfS/RUOiV6L8ekldLhHo9MR+jf3hrqxly5fQlZm5UqV9WuhCpx0Xue7orMMe2LDocwYa68dPEEyrlnqY5iRI4gwSBgdxXi43aXJV4gHBvipmVEzNlS66XMIQxUcxOhCKXCO+rcqBXR6XH0vUjklD6H6F+h9dwj9Jf0416alSpUqVK+pVdK9BDMqyU9D0kSWkHcFwwXJKoYi6X3g9a6GVCx1uutziJcSMs7g6owx24hccP8ks556rfTBFt6gSo9AkdwgQlTUuLHpzAjGPo1056PW4SQSp4+nj6R9Am4/QJv72vpsOlSvsKPoFJeXl5fop2lDHtmSIRqBTFB6alwlRIJdoI9b9NhABzE6CneGWGgCFs1Ab6KPQ6BgyuglRJcMwhGCPU3BxGPb1pz6h6Tj7uvqgfT4h9hUJf1T7K/Tz6alTmVKmZcaYkGpmQ3BhHMJqb6JEgqg4j0HonSo2lU3MXqFtY94Fr8IOO0pKcnQvboSVAgjZBkti3BcFQIECEYtx6jN9WPouHRj6XJKvqX95cv9C//9k=\" style=\"width: 50%; float: left;\" data-filename=\"Tesla_Discount.jpg\"></p><div style=\"text-align: justify;\">&nbsp;Compared to the old model, the new S 450 is priced at 900 million VND more expensive, while the new S450 Luxury is&nbsp; &nbsp;780 million VND more expensive. The main reason why the&nbsp; &nbsp; &nbsp;price of the new S-&nbsp; &nbsp; Class is higher than the old one is the&nbsp; &nbsp;change from domestically assembled to imported from Germany.</div><p></p><p class=\"MsoNormal\"><span lang=\"EN\">&nbsp;</span>Compared to the old model, the new S 450 is priced at 900 million VND more expensive, while the new S 450 Luxury is 780 million VND more expensive. The main reason why the price of the new S- Class is higher than the old one is the change from domestically assembled to imported from Germany.</p><p class=\"MsoNormal\"><span lang=\"EN\"><br></span><o:p></o:p></p>', '2021-11-26 04:13:48', '2021-11-26 04:20:39', 1, 'New-Mercedes-Benz-S-Class-launched-in-Vietnam,-priced-from-5,199-billion-VND', 'cdb3385492464febe8ed9cfc7760ef39.jpg', 4, 'admin', 'admin');

INSERT INTO `tblposts` (`id`, `PostTitle`, `CategoryId`, `SubCategoryId`, `PostDetails`, `PostingDate`, `UpdationDate`, `Is_Active`, `PostUrl`, `PostImage`, `viewCounter`, `postedBy`, `lastUpdatedBy`) VALUES
(20, 'Mercedes-Benz Cars sales. Q3 2021', 7, 11, '<p class=\"MsoNormal\">October 06, 2021&nbsp;-&nbsp;Mercedes-Benz Cars delivered\r\n1,617,508 (+3.0%) vehicles between January and September thanks to strong\r\ndemand across the portfolio for Mercedes-Maybach, Mercedes-AMG and for battery\r\nelectric vehicles. Deliveries were boosted by record demand in China, which\r\nhelped raise worldwide sales of the S-Class by 45% to 62,306 units during the\r\nsame period. High-end vehicles deliveries held up even in the third quarter as\r\nthe semiconductor supply shortfall intensified, impacting overall production\r\nand sales.</p><p class=\"MsoNormal\">The world-wide supply shortage of certain semiconductor\r\ncomponents affected global deliveries to customers in Q3, especially in the\r\nmonth of September. Mercedes-Benz is making every effort to ensure that\r\ncustomer orders can be fulfilled. The chip supply situation remains volatile\r\nand the shortage is expected to continue to impact the upcoming quarters in\r\nterms of production and sales.<o:p></o:p></p><p class=\"MsoNormal\">In the first three quarters of the year, sales of&nbsp;hybrid\r\nand electric vehicles&nbsp;surged to a record 184,369 units (+142.7%). The\r\nMercedes-Benz EQC sold 17,938 units and the EQA achieved a record 13,021\r\ndeliveries thanks to robust demand for zero-emission cars, particularly in Q3\r\nwhen almost half of all EQ deliveries occurred. The EQS electric flagship went\r\non sale in August.<br></p><p class=\"MsoNormal\"><o:p></o:p></p>', '2021-11-26 06:49:04', NULL, 1, 'Mercedes-Benz-Cars-sales.-Q3-2021', '5ed7e914b4058c7641ba5dbe515d547b.jpg', NULL, 'admin', NULL),
(21, 'Vietnam Automotive Industry: Impact of COVID-19 and Navigating the Turbulence', 8, 10, '<p class=\"MsoNormal\" style=\"text-align: justify; \">As the pandemic disrupts business as usual and throws the\r\neconomic outlook into uncertainty, the automotive industry is on the front\r\nline. Some of the most affected regions are major production hubs and home to\r\nkey links in the sector’s global supply chain. Typical contingency plans help\r\nenable operational effectiveness following events like natural disasters, cyber\r\nincidents and power outages, among others. They&nbsp;<i>don’t</i>&nbsp;generally\r\ntake into account the widespread quarantines, extended school closures and\r\ntravel restrictions that are being instituted in countries around the world to\r\nhelp stem the spread of the virus. With production shutdowns taking effect,\r\nautomotive companies need to remain focused and nimble to better navigate this\r\ncrisis.<o:p></o:p></p>', '2021-11-26 06:57:09', '2021-11-26 07:14:09', 1, 'Vietnam-Automotive-Industry:-Impact-of-COVID-19-and-Navigating-the-Turbulence', '2cc6290dc0546cb59ac054af15e38d4d.jpg', 4, 'admin', NULL),
(22, 'Nearly half of all prospective new car buyers are thinking of going electric', 8, 12, '<p class=\"MsoNormal\">What strenuous efforts by OEMs and governments alike have\r\nstruggled to achieve for years, the pandemic may have finally catalyzed in\r\nmonths: the long-awaited electric vehicle (EV) sales boom may be upon us.<o:p></o:p></p><p>The latest EY Mobility Lens Consumer Index records some of\r\nthe biggest shifts seen in both buying intentions and motivations among\r\nconsumers across 13 major international markets. No less than 41% of those who\r\nsay they intend to purchase a new car are considering an EV — 66% of them in\r\nthe next 12 months. That’s an 11% increase on the figure recorded during the\r\ninitial wave of the pandemic last year, in the&nbsp;<a href=\"https://www.ey.com/en_gl/automotive-transportation/how-mobility-can-help-build-a-better-post-covid-19-world\" target=\"_blank\" style=\"background-color: rgb(255, 255, 255);\">EY Mobility Lens Consumer Index wave 1</a>&nbsp;research.\r\nMoreover, for the first time, environmental concerns top the list of reasons\r\nfor considering an EV across all age groups.<br></p><p class=\"MsoNormal\"><o:p></o:p></p>', '2021-11-26 07:02:09', NULL, 1, 'Nearly-half-of-all-prospective-new-car-buyers-are-thinking-of-going-electric', 
'2db7e093225fc467a342218986299b73.png', NULL, 'admin', NULL);
